id_victima,id_hecho,rol,victima,sexo,edad,fecha_fallecimiento,rango_edad
0,2016-0001,CONDUCTOR,MOTO,MASCULINO,19,2016-01-01,19-30
1,2016-0002,CONDUCTOR,AUTO,MASCULINO,70,2016-01-02,61+
2,2016-0003,CONDUCTOR,MOTO,MASCULINO,30,2016-01-03,19-30
3,2016-0004,CONDUCTOR,MOTO,MASCULINO,18,2016-01-10,0-18
4,2016-0005,CONDUCTOR,MOTO,MASCULINO,29,2016-02-01,19-30
5,2016-0008,CONDUCTOR,MOTO,MASCULINO,30,2016-01-24,19-30
6,2016-0009,PASAJERO_ACOMPAÑANTE,MOTO,MASCULINO,29,2016-01-26,19-30
7,2016-0010,CONDUCTOR,MOTO,MASCULINO,18,2016-01-29,0-18
8,2016-0012,CONDUCTOR,MOTO,MASCULINO,22,2016-02-08,19-30
9,2016-0013,PEATON,PEATON,MASCULINO,16,2016-02-10,0-18
10,2016-0015,PEATON,PEATON,FEMENINO,16,2016-02-14,0-18
11,2016-0016,PASAJERO_ACOMPAÑANTE,MOTO,FEMENINO,19,2016-02-14,19-30
12,2016-0017,PEATON,PEATON,MASCULINO,59,2016-02-16,46-60
13,2016-0019,PEATON,PEATON,FEMENINO,65,2016-02-17,61+
14,2016-0020,PEATON,PEATON,MASCULINO,59,2016-03-02,46-60
15,2016-0021,CONDUCTOR,AUTO,MASCULINO,34,2016-02-17,31-45
16,2016-0022,PASAJERO_ACOMPAÑANTE,MOTO,MASCULINO,41,2016-02-21,31-45
17,2016-0025,PASAJERO_ACOMPAÑANTE,AUTO,MASCULINO,34,2016-02-28,31-45
18,2016-0026,CONDUCTOR,AUTO,MASCULINO,30,2016-03-04,19-30
19,2016-0027,PASAJERO_ACOMPAÑANTE,AUTO,MASCULINO,34,2016-03-03,31-45
20,2016-0028,PEATON,PEATON,MASCULINO,50,2016-03-02,46-60
21,2016-0029,PEATON,PEATON,MASCULINO,38,2016-03-04,31-45
22,2016-0031,CONDUCTOR,MOTO,MASCULINO,21,2016-03-22,19-30
23,2016-0034,PEATON,PEATON,MASCULINO,52,2016-03-12,46-60
24,2016-0035,CONDUCTOR,MOTO,MASCULINO,34,2016-03-13,31-45
25,2016-0036,PASAJERO_ACOMPAÑANTE,MOTO,MASCULINO,36,2016-03-14,31-45
26,2016-0037,CONDUCTOR,MOTO,MASCULINO,20,2016-03-19,19-30
27,2016-0038,PEATON,PEATON,MASCULINO,29,2016-03-21,19-30
28,2016-0039,CONDUCTOR,MOTO,MASCULINO,20,2016-03-23,19-30
29,2016-0041,CONDUCTOR,MOTO,MASCULINO,54,2016-03-29,46-60
30,2016-0041,PASAJERO_ACOMPAÑANTE,MOTO,MASCULINO,58,2016-03-30,46-60
31,2016-0043,PEATON,PEATON,FEMENINO,56,2016-03-30,46-60
32,2016-0044,CONDUCTOR,MOTO,MASCULINO,24,2016-03-31,19-30
33,2016-0045,CONDUCTOR,MOTO,MASCULINO,35,2016-04-11,31-45
34,2016-0047,PEATON,PEATON,MASCULINO,41,2016-04-15,31-45
35,2016-0048,PEATON,PEATON,FEMENINO,30,2016-05-09,19-30
36,2016-0049,SD,SD,MASCULINO,51,2016-04-17,46-60
37,2016-0050,PEATON,PEATON,MASCULINO,78,2016-04-19,61+
38,2016-0051,CONDUCTOR,MOTO,MASCULINO,36,2016-04-20,31-45
39,2016-0052,SD,MOTO,MASCULINO,35,2016-04-20,31-45
40,2016-0053,PEATON,PEATON,MASCULINO,38,2016-04-22,31-45
41,2016-0054,CONDUCTOR,MOTO,MASCULINO,30,2016-04-25,19-30
42,2016-0055,PEATON,PEATON,MASCULINO,79,2016-04-28,61+
43,2016-0056,CONDUCTOR,MOTO,MASCULINO,26,2016-04-26,19-30
44,2016-0058,PEATON,PEATON,FEMENINO,57,2016-05-08,46-60
45,2016-0059,PEATON,PEATON,MASCULINO,37,2016-05-26,31-45
46,2016-0064,PEATON,PEATON,MASCULINO,20,2016-05-14,19-30
47,2016-0065,PEATON,PEATON,MASCULINO,20,2016-05-20,19-30
48,2016-0067,PASAJERO_ACOMPAÑANTE,MOTO,FEMENINO,30,2016-05-27,19-30
49,2016-0068,CONDUCTOR,MOTO,MASCULINO,58,2016-05-22,46-60
50,2016-0069,CONDUCTOR,AUTO,MASCULINO,30,2016-05-23,19-30
51,2016-0073,CONDUCTOR,MOTO,MASCULINO,23,2016-06-11,19-30
52,2016-0074,CONDUCTOR,AUTO,MASCULINO,60,2016-06-12,46-60
53,2016-0075,PEATON,PEATON,MASCULINO,42,2016-06-12,31-45
54,2016-0076,PEATON,PEATON,FEMENINO,53,2016-06-13,46-60
55,2016-0077,PEATON,PEATON,FEMENINO,28,2016-06-13,19-30
56,2016-0078,CONDUCTOR,MOTO,MASCULINO,30,2016-06-13,19-30
57,2016-0079,CONDUCTOR,AUTO,FEMENINO,51,2016-06-17,46-60
58,2016-0080,CONDUCTOR,AUTO,MASCULINO,60,2016-06-18,46-60
59,2016-0081,CONDUCTOR,MOTO,MASCULINO,40,2016-06-22,31-45
60,2016-0082,PEATON,PEATON,MASCULINO,87,2016-07-05,61+
61,2016-0083,PEATON,PEATON,FEMENINO,76,2016-06-29,61+
62,2016-0084,PEATON,PEATON,MASCULINO,57,2016-07-08,46-60
63,2016-0085,SD,MOTO,MASCULINO,39,2016-06-29,31-45
64,2016-0086,PEATON,PEATON,MASCULINO,75,2016-07-01,61+
65,2016-0087,CONDUCTOR,MOTO,MASCULINO,23,2016-07-03,19-30
66,2016-0088,PEATON,PEATON,FEMENINO,70,2016-07-14,61+
67,2016-0089,PEATON,PEATON,MASCULINO,35,2016-07-14,31-45
68,2016-0090,PEATON,PEATON,MASCULINO,60,2016-07-15,46-60
69,2016-0092,CONDUCTOR,MOTO,MASCULINO,24,2016-07-15,19-30
70,2016-0093,CONDUCTOR,AUTO,MASCULINO,35,2016-07-19,31-45
71,2016-0095,CONDUCTOR,MOTO,MASCULINO,29,2016-07-23,19-30
72,2016-0096,CONDUCTOR,MOTO,MASCULINO,46,2016-07-30,46-60
73,2016-0097,PEATON,PEATON,MASCULINO,80,2016-08-12,61+
74,2016-0098,CONDUCTOR,MOTO,FEMENINO,43,2016-07-27,31-45
75,2016-0099,CONDUCTOR,CARGAS,MASCULINO,45,2016-07-30,31-45
76,2016-0100,CONDUCTOR,MOTO,MASCULINO,57,2016-08-03,46-60
77,2016-0101,SD,SD,MASCULINO,67,2016-08-07,61+
78,2016-0102,CONDUCTOR,MOTO,MASCULINO,29,2016-08-10,19-30
79,2016-0104,CONDUCTOR,MOTO,MASCULINO,21,2016-08-15,19-30
80,2016-0105,PEATON,PEATON,MASCULINO,19,2016-08-26,19-30
81,2016-0106,PEATON,PEATON,MASCULINO,38,2016-09-08,31-45
82,2016-0107,CONDUCTOR,MOTO,MASCULINO,21,2016-08-22,19-30
83,2016-0109,CONDUCTOR,AUTO,FEMENINO,53,2016-08-24,46-60
84,2016-0110,PEATON,PEATON,MASCULINO,57,2016-08-24,46-60
85,2016-0111,CONDUCTOR,MOTO,MASCULINO,27,2016-08-25,19-30
86,2016-0112,CONDUCTOR,MOTO,MASCULINO,24,2016-08-27,19-30
87,2016-0113,PEATON,PEATON,FEMENINO,60,2016-08-27,46-60
88,2016-0114,CICLISTA,BICICLETA,FEMENINO,55,2016-08-31,46-60
89,2016-0115,SD,SD,MASCULINO,60,2016-09-02,46-60
90,2016-0116,CONDUCTOR,MOTO,MASCULINO,30,2016-09-02,19-30
91,2016-0117,CONDUCTOR,AUTO,MASCULINO,43,2016-09-03,31-45
92,2016-0118,CONDUCTOR,AUTO,MASCULINO,27,2016-09-04,19-30
93,2016-0119,PASAJERO_ACOMPAÑANTE,SD,FEMENINO,49,2016-09-15,46-60
94,2016-0122,CICLISTA,BICICLETA,MASCULINO,49,2016-09-13,46-60
95,2016-0123,CONDUCTOR,MOTO,FEMENINO,58,2016-09-14,46-60
96,2016-0124,PEATON,PEATON,MASCULINO,67,2016-09-16,61+
97,2016-0125,CONDUCTOR,MOTO,MASCULINO,30,2016-09-17,19-30
98,2016-0126,CONDUCTOR,AUTO,MASCULINO,37,2016-09-22,31-45
99,2016-0126,PASAJERO_ACOMPAÑANTE,AUTO,MASCULINO,60,2016-09-18,46-60
100,2016-0127,PEATON,PEATON,MASCULINO,50,2016-09-24,46-60
101,2016-0128,PEATON,PEATON,FEMENINO,81,2016-10-02,61+
102,2016-0130,CONDUCTOR,MOTO,MASCULINO,29,2016-10-04,19-30
103,2016-0131,PEATON,PEATON,MASCULINO,35,2016-10-09,31-45
104,2016-0132,PASAJERO_ACOMPAÑANTE,AUTO,MASCULINO,30,2016-10-10,19-30
105,2016-0133,CONDUCTOR,MOTO,MASCULINO,41,2016-10-25,31-45
106,2016-0134,CONDUCTOR,MOTO,MASCULINO,25,2016-10-23,19-30
107,2016-0135,PEATON,PEATON,MASCULINO,29,2016-10-25,19-30
108,2016-0136,CONDUCTOR,MOTO,MASCULINO,44,2016-10-25,31-45
109,2016-0137,CONDUCTOR,MOTO,MASCULINO,30,2016-10-29,19-30
110,2016-0138,CICLISTA,BICICLETA,FEMENINO,33,2016-10-27,31-45
111,2016-0139,PASAJERO_ACOMPAÑANTE,MOTO,FEMENINO,35,2016-10-28,31-45
112,2016-0140,PASAJERO_ACOMPAÑANTE,PASAJEROS,MASCULINO,20,2016-10-31,19-30
113,2016-0142,CONDUCTOR,MOTO,MASCULINO,46,2016-11-05,46-60
114,2016-0143,CONDUCTOR,MOTO,MASCULINO,35,2016-11-06,31-45
115,2016-0144,PEATON,PEATON,MASCULINO,83,2016-11-08,61+
116,2016-0145,CONDUCTOR,MOTO,MASCULINO,39,2016-11-07,31-45
117,2016-0146,PEATON,PEATON,FEMENINO,29,2016-11-09,19-30
118,2016-0147,PASAJERO_ACOMPAÑANTE,MOVIL,MASCULINO,55,2016-11-16,46-60
119,2016-0148,CONDUCTOR,MOTO,MASCULINO,32,2016-11-16,31-45
120,2016-0150,PASAJERO_ACOMPAÑANTE,CARGAS,MASCULINO,41,2016-11-18,31-45
121,2016-0151,PEATON,PEATON,MASCULINO,86,2016-11-18,61+
122,2016-0152,CONDUCTOR,MOTO,MASCULINO,42,2016-11-24,31-45
123,2016-0153,PEATON,PEATON,FEMENINO,83,2016-11-25,61+
124,2016-0154,CONDUCTOR,MOTO,MASCULINO,38,2016-11-26,31-45
125,2016-0155,PEATON,PEATON,FEMENINO,29,2016-11-26,19-30
126,2016-0156,CONDUCTOR,MOTO,MASCULINO,23,2016-11-30,19-30
127,2016-0157,CONDUCTOR,MOTO,MASCULINO,23,2016-12-04,19-30
128,2016-0159,CONDUCTOR,AUTO,MASCULINO,23,2016-12-07,19-30
129,2016-0160,CONDUCTOR,CARGAS,MASCULINO,29,2016-12-06,19-30
130,2016-0161,PEATON,PEATON,MASCULINO,50,2016-12-06,46-60
131,2016-0162,PEATON,PEATON,MASCULINO,38,2017-01-01,31-45
132,2016-0163,CONDUCTOR,MOTO,MASCULINO,23,2016-12-10,19-30
133,2016-0164,CONDUCTOR,AUTO,MASCULINO,29,2016-12-11,19-30
134,2016-0165,CICLISTA,BICICLETA,MASCULINO,37,2016-12-12,31-45
135,2016-0168,CONDUCTOR,MOTO,MASCULINO,43,2016-12-13,31-45
136,2016-0169,CONDUCTOR,MOTO,MASCULINO,24,2016-12-16,19-30
137,2016-0170,PASAJERO_ACOMPAÑANTE,MOTO,MASCULINO,21,2016-12-19,19-30
138,2016-0171,CONDUCTOR,MOTO,MASCULINO,29,2016-12-25,19-30
139,2016-0172,CONDUCTOR,MOTO,MASCULINO,38,2016-12-26,31-45
140,2016-0173,CONDUCTOR,MOTO,MASCULINO,35,2016-12-27,31-45
141,2016-0174,SD,SD,MASCULINO,33,2016-12-27,31-45
142,2016-0175,PEATON,PEATON,FEMENINO,35,2016-12-27,31-45
143,2016-0176,CONDUCTOR,MOTO,MASCULINO,28,2017-01-02,19-30
144,2016-0177,PEATON,PEATON,FEMENINO,27,2017-01-08,19-30
145,2016-0178,PEATON,PEATON,FEMENINO,7,2016-12-30,0-18
146,2017-0001,CONDUCTOR,MOTO,MASCULINO,18,2017-01-02,0-18
147,2017-0003,PASAJERO_ACOMPAÑANTE,CARGAS,MASCULINO,33,2017-01-05,31-45
148,2017-0007,PEATON,PEATON,MASCULINO,48,2017-01-11,46-60
149,2017-0008,CONDUCTOR,MOTO,MASCULINO,29,2017-01-16,19-30
150,2017-0009,CONDUCTOR,MOTO,MASCULINO,36,2017-01-16,31-45
151,2017-0010,CONDUCTOR,MOTO,MASCULINO,23,2017-01-16,19-30
152,2017-0011,PASAJERO_ACOMPAÑANTE,MOTO,FEMENINO,29,2017-01-22,19-30
153,2017-0012,CONDUCTOR,MOTO,MASCULINO,30,2017-01-24,19-30
154,2017-0013,PEATON,PEATON,MASCULINO,4,2017-01-27,0-18
155,2017-0014,PASAJERO_ACOMPAÑANTE,MOTO,FEMENINO,22,2017-01-28,19-30
156,2017-0015,PEATON,PEATON,MASCULINO,82,2017-02-21,61+
157,2017-0016,CONDUCTOR,MOTO,MASCULINO,27,2017-02-04,19-30
158,2017-0017,CONDUCTOR,MOTO,MASCULINO,32,2017-02-06,31-45
159,2017-0018,CONDUCTOR,MOTO,MASCULINO,30,2017-02-09,19-30
160,2017-0021,CONDUCTOR,MOTO,MASCULINO,43,2017-02-18,31-45
161,2017-0024,PEATON,PEATON,MASCULINO,39,2017-02-23,31-45
162,2017-0025,CONDUCTOR,MOTO,MASCULINO,23,2017-02-24,19-30
163,2017-0026,PASAJERO_ACOMPAÑANTE,AUTO,FEMENINO,23,2017-02-26,19-30
164,2017-0026,CONDUCTOR,AUTO,MASCULINO,19,2017-02-26,19-30
165,2017-0027,PEATON,PEATON,MASCULINO,60,2017-02-26,46-60
166,2017-0028,PEATON,PEATON,MASCULINO,87,2017-02-28,61+
167,2017-0029,SD,SD,MASCULINO,34,2017-03-07,31-45
168,2017-0030,CONDUCTOR,AUTO,FEMENINO,27,2017-03-07,19-30
169,2017-0031,PASAJERO_ACOMPAÑANTE,AUTO,MASCULINO,70,2017-03-11,61+
170,2017-0032,PASAJERO_ACOMPAÑANTE,AUTO,FEMENINO,40,2017-03-12,31-45
171,2017-0033,CONDUCTOR,AUTO,MASCULINO,28,2017-03-12,19-30
172,2017-0034,PEATON,PEATON,MASCULINO,43,2017-03-13,31-45
173,2017-0035,CONDUCTOR,AUTO,MASCULINO,28,2017-03-23,19-30
174,2017-0035,PASAJERO_ACOMPAÑANTE,AUTO,MASCULINO,32,2017-03-23,31-45
175,2017-0035,PASAJERO_ACOMPAÑANTE,AUTO,MASCULINO,30,2017-03-23,19-30
176,2017-0036,PASAJERO_ACOMPAÑANTE,MOTO,FEMENINO,27,2017-03-29,19-30
177,2017-0036,CONDUCTOR,MOTO,MASCULINO,20,2017-03-29,19-30
178,2017-0037,CONDUCTOR,MOTO,MASCULINO,41,2017-03-31,31-45
179,2017-0038,CONDUCTOR,MOTO,FEMENINO,40,2017-04-01,31-45
180,2017-0040,CONDUCTOR,AUTO,MASCULINO,43,2017-04-03,31-45
181,2017-0041,CONDUCTOR,MOTO,MASCULINO,17,2017-04-08,0-18
182,2017-0042,CONDUCTOR,MOTO,MASCULINO,37,2017-04-10,31-45
183,2017-0045,CONDUCTOR,MOTO,MASCULINO,21,2017-04-14,19-30
184,2017-0047,CONDUCTOR,MOTO,MASCULINO,37,2017-04-23,31-45
185,2017-0049,PEATON,PEATON,MASCULINO,22,2017-04-27,19-30
186,2017-0050,CONDUCTOR,MOTO,MASCULINO,46,2017-04-28,46-60
187,2017-0050,PASAJERO_ACOMPAÑANTE,MOTO,MASCULINO,16,2017-04-28,0-18
188,2017-0051,CONDUCTOR,AUTO,MASCULINO,33,2017-05-01,31-45
189,2017-0052,PEATON,PEATON,FEMENINO,47,2017-05-05,46-60
190,2017-0053,CONDUCTOR,MOTO,MASCULINO,28,2017-05-05,19-30
191,2017-0054,PASAJERO_ACOMPAÑANTE,MOTO,FEMENINO,20,2017-05-07,19-30
192,2017-0055,CONDUCTOR,AUTO,MASCULINO,32,2017-05-09,31-45
193,2017-0058,PEATON,PEATON,MASCULINO,80,2017-05-09,61+
194,2017-0059,PEATON,PEATON,FEMENINO,39,2017-05-11,31-45
195,2017-0060,PASAJERO_ACOMPAÑANTE,MOTO,MASCULINO,30,2017-05-13,19-30
196,2017-0061,PEATON,PEATON,MASCULINO,47,2017-05-16,46-60
197,2017-0062,CONDUCTOR,MOTO,MASCULINO,35,2017-05-15,31-45
198,2017-0063,PEATON,PEATON,FEMENINO,79,2017-05-17,61+
199,2017-0064,PASAJERO_ACOMPAÑANTE,CARGAS,MASCULINO,61,2017-05-20,61+
200,2017-0065,CICLISTA,BICICLETA,MASCULINO,21,2017-05-22,19-30
201,2017-0066,PEATON,PEATON,MASCULINO,10,2017-05-22,0-18
202,2017-0067,CONDUCTOR,MOTO,MASCULINO,21,2017-05-23,19-30
203,2017-0068,CONDUCTOR,MOTO,MASCULINO,32,2017-05-27,31-45
204,2017-0069,CONDUCTOR,MOTO,MASCULINO,39,2017-05-29,31-45
205,2017-0070,PEATON,PEATON,MASCULINO,80,2017-05-31,61+
206,2017-0072,CONDUCTOR,AUTO,MASCULINO,25,2017-06-03,19-30
207,2017-0073,CONDUCTOR,MOTO,MASCULINO,19,2017-06-04,19-30
208,2017-0074,SD,SD,MASCULINO,70,2017-06-04,61+
209,2017-0075,PEATON,PEATON,MASCULINO,55,2017-06-12,46-60
210,2017-0076,PEATON,PEATON,FEMENINO,30,2017-06-13,19-30
211,2017-0077,CONDUCTOR,MOTO,FEMENINO,60,2017-06-18,46-60
212,2017-0079,CONDUCTOR,MOTO,MASCULINO,33,2017-06-19,31-45
213,2017-0080,PEATON,PEATON,FEMENINO,95,2017-06-22,61+
214,2017-0082,PEATON,PEATON,MASCULINO,36,2017-06-25,31-45
215,2017-0083,CONDUCTOR,MOTO,MASCULINO,37,2017-07-04,31-45
216,2017-0084,PEATON,PEATON,FEMENINO,73,2017-07-05,61+
217,2017-0085,PEATON,PEATON,MASCULINO,84,2017-07-07,61+
218,2017-0086,PEATON,PEATON,FEMENINO,30,2017-07-09,19-30
219,2017-0087,PEATON,PEATON,FEMENINO,73,2017-07-10,61+
220,2017-0088,PEATON,PEATON,MASCULINO,43,2017-07-10,31-45
221,2017-0089,SD,SD,MASCULINO,23,2017-07-15,19-30
222,2017-0090,PEATON,PEATON,MASCULINO,22,2017-07-15,19-30
223,2017-0091,CONDUCTOR,MOTO,MASCULINO,58,2017-07-15,46-60
224,2017-0092,PEATON,PEATON,MASCULINO,66,2017-07-24,61+
225,2017-0093,PEATON,PEATON,MASCULINO,42,2017-07-25,31-45
226,2017-0094,CICLISTA,BICICLETA,FEMENINO,56,2017-07-27,46-60
227,2017-0095,CONDUCTOR,MOTO,MASCULINO,36,2017-08-06,31-45
228,2017-0096,PEATON,PEATON,MASCULINO,87,2017-08-07,61+
229,2017-0098,PEATON,PEATON,FEMENINO,61,2017-08-08,61+
230,2017-0099,CICLISTA,BICICLETA,MASCULINO,28,2017-08-17,19-30
231,2017-0100,PASAJERO_ACOMPAÑANTE,MOTO,FEMENINO,16,2017-08-21,0-18
232,2017-0101,PEATON,PEATON,FEMENINO,61,2017-08-23,61+
233,2017-0102,PEATON,PEATON,MASCULINO,46,2017-08-24,46-60
234,2017-0104,PEATON,PEATON,FEMENINO,18,2017-08-25,0-18
235,2017-0106,PEATON,PEATON,FEMENINO,85,2017-08-31,61+
236,2017-0107,CONDUCTOR,MOTO,MASCULINO,41,2017-09-01,31-45
237,2017-0108,PASAJERO_ACOMPAÑANTE,AUTO,MASCULINO,17,2017-09-02,0-18
238,2017-0108,PASAJERO_ACOMPAÑANTE,AUTO,MASCULINO,10,2017-09-02,0-18
239,2017-0109,CONDUCTOR,MOTO,MASCULINO,21,2017-09-05,19-30
240,2017-0110,PEATON,PEATON,MASCULINO,56,2017-09-07,46-60
241,2017-0111,PEATON,PEATON,FEMENINO,79,2017-09-07,61+
242,2017-0112,PASAJERO_ACOMPAÑANTE,AUTO,MASCULINO,1,2017-09-10,0-18
243,2017-0112,PASAJERO_ACOMPAÑANTE,AUTO,MASCULINO,41,2017-09-13,31-45
244,2017-0113,PEATON,PEATON,FEMENINO,76,2017-09-11,61+
245,2017-0114,CONDUCTOR,AUTO,MASCULINO,26,2017-09-15,19-30
246,2017-0115,CONDUCTOR,MOTO,MASCULINO,34,2017-09-19,31-45
247,2017-0116,CONDUCTOR,MOTO,MASCULINO,22,2017-09-20,19-30
248,2017-0118,PASAJERO_ACOMPAÑANTE,MOTO,FEMENINO,26,2017-09-29,19-30
249,2017-0120,CONDUCTOR,MOTO,MASCULINO,20,2017-10-02,19-30
250,2017-0123,PEATON,PEATON,FEMENINO,36,2017-10-10,31-45
251,2017-0124,CONDUCTOR,MOTO,MASCULINO,51,2017-10-12,46-60
252,2017-0125,CONDUCTOR,MOTO,MASCULINO,29,2017-10-13,19-30
253,2017-0126,PASAJERO_ACOMPAÑANTE,AUTO,MASCULINO,39,2017-11-07,31-45
254,2017-0126,CONDUCTOR,AUTO,MASCULINO,36,2017-10-14,31-45
255,2017-0127,PASAJERO_ACOMPAÑANTE,MOTO,MASCULINO,24,2017-10-16,19-30
256,2017-0128,PEATON,PEATON,FEMENINO,60,2017-10-17,46-60
257,2017-0129,CONDUCTOR,MOTO,MASCULINO,57,2017-10-26,46-60
258,2017-0130,CONDUCTOR,AUTO,MASCULINO,23,2017-10-27,19-30
259,2017-0132,CONDUCTOR,MOTO,MASCULINO,23,2017-10-30,19-30
260,2017-0134,PEATON,PEATON,FEMENINO,47,2017-11-06,46-60
261,2017-0135,CONDUCTOR,MOTO,MASCULINO,24,2017-11-07,19-30
262,2017-0136,PEATON,PEATON,MASCULINO,55,2017-11-16,46-60
263,2017-0137,PEATON,PEATON,FEMENINO,60,2017-11-17,46-60
264,2017-0138,PASAJERO_ACOMPAÑANTE,MOTO,MASCULINO,25,2017-11-19,19-30
265,2017-0139,PASAJERO_ACOMPAÑANTE,AUTO,FEMENINO,15,2017-11-19,0-18
266,2017-0140,CONDUCTOR,MOTO,MASCULINO,24,2017-11-19,19-30
267,2017-0141,PEATON,PEATON,FEMENINO,22,2017-11-23,19-30
268,2017-0143,CONDUCTOR,AUTO,MASCULINO,50,2017-11-25,46-60
269,2017-0144,PASAJERO_ACOMPAÑANTE,AUTO,FEMENINO,50,2017-11-26,46-60
270,2017-0145,CONDUCTOR,MOTO,MASCULINO,58,2017-11-26,46-60
271,2017-0147,CONDUCTOR,MOTO,MASCULINO,49,2017-11-28,46-60
272,2017-0148,PEATON,PEATON,FEMENINO,82,2017-11-29,61+
273,2017-0149,PEATON,PEATON,MASCULINO,13,2017-11-30,0-18
274,2017-0150,PEATON,PEATON,MASCULINO,56,2017-12-04,46-60
275,2017-0151,PEATON,PEATON,MASCULINO,35,2017-12-04,31-45
276,2017-0152,CICLISTA,BICICLETA,MASCULINO,19,2017-12-06,19-30
277,2017-0153,PASAJERO_ACOMPAÑANTE,MOTO,MASCULINO,51,2017-12-12,46-60
278,2017-0153,CONDUCTOR,MOTO,MASCULINO,30,2017-12-12,19-30
279,2017-0154,PEATON,PEATON,MASCULINO,76,2017-12-11,61+
280,2017-0155,SD,SD,MASCULINO,77,2017-12-12,61+
281,2017-0157,CONDUCTOR,AUTO,MASCULINO,53,2017-12-17,46-60
282,2017-0158,CONDUCTOR,MOTO,MASCULINO,32,2017-12-18,31-45
283,2017-0159,CONDUCTOR,MOTO,MASCULINO,27,2017-12-20,19-30
284,2017-0160,PEATON,PEATON,FEMENINO,30,2017-12-22,19-30
285,2017-0161,PEATON,PEATON,FEMENINO,30,2017-12-26,19-30
286,2018-0001,PEATON,PEATON,MASCULINO,83,2018-01-02,61+
287,2018-0002,CICLISTA,BICICLETA,FEMENINO,26,2018-01-03,19-30
288,2018-0003,PEATON,PEATON,FEMENINO,58,2018-01-05,46-60
289,2018-0004,CONDUCTOR,MOTO,MASCULINO,39,2018-01-09,31-45
290,2018-0005,PEATON,PEATON,MASCULINO,54,2018-01-09,46-60
291,2018-0006,CICLISTA,BICICLETA,FEMENINO,45,2018-01-10,31-45
292,2018-0007,CONDUCTOR,AUTO,MASCULINO,46,2018-01-11,46-60
293,2018-0008,CONDUCTOR,MOTO,FEMENINO,32,2018-01-12,31-45
294,2018-0009,CONDUCTOR,MOTO,MASCULINO,19,2018-01-14,19-30
295,2018-0010,CONDUCTOR,MOTO,MASCULINO,40,2018-01-18,31-45
296,2018-0011,PEATON,PEATON,MASCULINO,84,2018-01-19,61+
297,2018-0012,CONDUCTOR,MOTO,MASCULINO,20,2018-01-26,19-30
298,2018-0013,CONDUCTOR,MOTO,MASCULINO,44,2018-01-28,31-45
299,2018-0014,PEATON,PEATON,MASCULINO,40,2018-02-04,31-45
300,2018-0015,CONDUCTOR,MOTO,MASCULINO,28,2018-02-06,19-30
301,2018-0015,PASAJERO_ACOMPAÑANTE,MOTO,MASCULINO,19,2018-02-06,19-30
302,2018-0016,CONDUCTOR,MOTO,MASCULINO,31,2018-02-15,31-45
303,2018-0017,PEATON,PEATON,MASCULINO,35,2018-02-20,31-45
304,2018-0018,CONDUCTOR,MOTO,MASCULINO,26,2018-02-17,19-30
305,2018-0019,PEATON,PEATON,FEMENINO,80,2018-02-17,61+
306,2018-0020,CONDUCTOR,MOTO,MASCULINO,26,2018-02-19,19-30
307,2018-0021,PEATON,PEATON,FEMENINO,62,2018-02-22,61+
308,2018-0022,CONDUCTOR,MOTO,MASCULINO,28,2018-02-24,19-30
309,2018-0023,CONDUCTOR,MOTO,MASCULINO,28,2018-02-24,19-30
310,2018-0024,PEATON,PEATON,MASCULINO,70,2018-02-28,61+
311,2018-0025,PEATON,PEATON,MASCULINO,70,2018-03-05,61+
312,2018-0026,CONDUCTOR,MOVIL,MASCULINO,24,2018-03-09,19-30
313,2018-0026,PASAJERO_ACOMPAÑANTE,MOVIL,MASCULINO,30,2018-03-09,19-30
314,2018-0027,PEATON,PEATON,FEMENINO,74,2018-03-11,61+
315,2018-0028,PEATON,PEATON,MASCULINO,71,2018-03-13,61+
316,2018-0029,CONDUCTOR,MOTO,MASCULINO,26,2018-03-15,19-30
317,2018-0030,CONDUCTOR,MOTO,MASCULINO,24,2018-03-20,19-30
318,2018-0031,CONDUCTOR,MOTO,MASCULINO,31,2018-03-28,31-45
319,2018-0032,PEATON,PEATON,MASCULINO,70,2018-04-02,61+
320,2018-0033,CONDUCTOR,MOTO,FEMENINO,42,2018-04-10,31-45
321,2018-0034,PEATON,PEATON,MASCULINO,24,2018-04-11,19-30
322,2018-0035,PEATON,PEATON,FEMENINO,39,2018-04-12,31-45
323,2018-0036,CONDUCTOR,MOTO,MASCULINO,37,2018-04-15,31-45
324,2018-0037,PEATON,PEATON,MASCULINO,84,2018-04-19,61+
325,2018-0038,PEATON,PEATON,FEMENINO,59,2018-04-20,46-60
326,2018-0038,PEATON,PEATON,MASCULINO,61,2018-04-20,61+
327,2018-0039,PEATON,PEATON,MASCULINO,37,2018-04-21,31-45
328,2018-0040,PEATON,PEATON,FEMENINO,35,2018-04-27,31-45
329,2018-0041,PEATON,PEATON,FEMENINO,78,2018-04-27,61+
330,2018-0042,PASAJERO_ACOMPAÑANTE,MOTO,MASCULINO,23,2018-04-27,19-30
331,2018-0043,CONDUCTOR,MOTO,MASCULINO,25,2018-04-29,19-30
332,2018-0044,PEATON,PEATON,FEMENINO,50,2018-04-28,46-60
333,2018-0045,CONDUCTOR,AUTO,MASCULINO,60,2018-04-30,46-60
334,2018-0046,PEATON,PEATON,MASCULINO,11,2018-05-02,0-18
335,2018-0047,PEATON,PEATON,MASCULINO,82,2018-05-09,61+
336,2018-0048,PEATON,PEATON,MASCULINO,57,2018-05-16,46-60
337,2018-0049,PEATON,PEATON,FEMENINO,40,2018-05-13,31-45
338,2018-0050,PEATON,PEATON,FEMENINO,47,2018-05-24,46-60
339,2018-0051,PEATON,PEATON,FEMENINO,57,2018-05-15,46-60
340,2018-0052,PEATON,PEATON,MASCULINO,78,2018-05-19,61+
341,2018-0053,CONDUCTOR,MOTO,MASCULINO,43,2018-05-20,31-45
342,2018-0054,PEATON,PEATON,FEMENINO,86,2018-05-25,61+
343,2018-0055,CONDUCTOR,MOTO,MASCULINO,21,2018-05-29,19-30
344,2018-0056,PEATON,PEATON,FEMENINO,69,2018-06-04,61+
345,2018-0057,CONDUCTOR,MOTO,MASCULINO,33,2018-06-04,31-45
346,2018-0058,CONDUCTOR,MOTO,MASCULINO,26,2018-06-13,19-30
347,2018-0059,CONDUCTOR,MOTO,MASCULINO,54,2018-06-08,46-60
348,2018-0060,PEATON,PEATON,MASCULINO,51,2018-06-08,46-60
349,2018-0061,CONDUCTOR,MOTO,MASCULINO,51,2018-06-10,46-60
350,2018-0062,PEATON,PEATON,MASCULINO,32,2018-06-14,31-45
351,2018-0063,PEATON,PEATON,FEMENINO,28,2018-06-17,19-30
352,2018-0064,CONDUCTOR,AUTO,MASCULINO,30,2018-06-25,19-30
353,2018-0065,CONDUCTOR,MOTO,MASCULINO,35,2018-06-26,31-45
354,2018-0066,PEATON,PEATON,MASCULINO,73,2018-06-28,61+
355,2018-0067,PASAJERO_ACOMPAÑANTE,PASAJEROS,FEMENINO,81,2018-07-06,61+
356,2018-0068,CONDUCTOR,MOTO,MASCULINO,21,2018-07-01,19-30
357,2018-0069,CICLISTA,BICICLETA,MASCULINO,20,2018-07-04,19-30
358,2018-0070,CONDUCTOR,MOTO,MASCULINO,33,2018-07-07,31-45
359,2018-0071,CONDUCTOR,MOTO,MASCULINO,73,2018-07-10,61+
360,2018-0072,CONDUCTOR,MOTO,MASCULINO,27,2018-07-13,19-30
361,2018-0073,PEATON,PEATON,FEMENINO,67,2018-07-11,61+
362,2018-0074,CONDUCTOR,AUTO,MASCULINO,25,2018-07-14,19-30
363,2018-0075,PEATON,PEATON,MASCULINO,23,2018-07-15,19-30
364,2018-0076,CONDUCTOR,AUTO,MASCULINO,73,2018-07-16,61+
365,2018-0077,CONDUCTOR,AUTO,MASCULINO,58,2018-07-17,46-60
366,2018-0078,PEATON,PEATON,MASCULINO,27,2018-07-21,19-30
367,2018-0079,PEATON,PEATON,MASCULINO,25,2018-07-23,19-30
368,2018-0080,PEATON,PEATON,MASCULINO,26,2018-07-25,19-30
369,2018-0081,PEATON,PEATON,MASCULINO,35,2018-07-29,31-45
370,2018-0082,CONDUCTOR,MOTO,FEMENINO,17,2018-08-01,0-18
371,2018-0083,CONDUCTOR,MOTO,MASCULINO,29,2018-08-02,19-30
372,2018-0084,PEATON,PEATON,MASCULINO,45,2018-08-03,31-45
373,2018-0085,PASAJERO_ACOMPAÑANTE,MOTO,FEMENINO,22,2018-08-03,19-30
374,2018-0085,CONDUCTOR,MOTO,MASCULINO,30,2018-08-03,19-30
375,2018-0086,PEATON,PEATON,MASCULINO,40,2018-08-10,31-45
376,2018-0087,PEATON,PEATON,MASCULINO,75,2018-08-20,61+
377,2018-0088,CONDUCTOR,MOTO,MASCULINO,30,2018-08-17,19-30
378,2018-0089,PEATON,PEATON,MASCULINO,80,2018-08-17,61+
379,2018-0090,CONDUCTOR,MOTO,MASCULINO,27,2018-08-18,19-30
380,2018-0091,PASAJERO_ACOMPAÑANTE,AUTO,FEMENINO,23,2018-08-19,19-30
381,2018-0092,CONDUCTOR,MOTO,MASCULINO,23,2018-08-20,19-30
382,2018-0093,PEATON,PEATON,MASCULINO,24,2018-08-20,19-30
383,2018-0094,CONDUCTOR,MOTO,MASCULINO,32,2018-08-23,31-45
384,2018-0095,PASAJERO_ACOMPAÑANTE,AUTO,FEMENINO,49,2018-08-26,46-60
385,2018-0096,PEATON,PEATON,MASCULINO,39,2018-08-31,31-45
386,2018-0097,CONDUCTOR,AUTO,FEMENINO,35,2018-09-02,31-45
387,2018-0098,CONDUCTOR,AUTO,MASCULINO,55,2018-09-09,46-60
388,2018-0098,PASAJERO_ACOMPAÑANTE,AUTO,MASCULINO,54,2018-09-09,46-60
389,2018-0099,PEATON,PEATON,MASCULINO,18,2018-09-13,0-18
390,2018-0100,SD,MOTO,FEMENINO,33,2018-09-20,31-45
391,2018-0101,CONDUCTOR,AUTO,MASCULINO,42,2018-09-21,31-45
392,2018-0102,CONDUCTOR,MOTO,MASCULINO,20,2018-09-21,19-30
393,2018-0103,PEATON,PEATON,MASCULINO,1,2018-09-29,0-18
394,2018-0104,CONDUCTOR,MOTO,MASCULINO,22,2018-10-01,19-30
395,2018-0105,PEATON,PEATON,FEMENINO,56,2018-10-03,46-60
396,2018-0106,CONDUCTOR,MOTO,MASCULINO,27,2018-10-04,19-30
397,2018-0107,PEATON,PEATON,FEMENINO,62,2018-10-06,61+
398,2018-0108,CONDUCTOR,MOTO,MASCULINO,37,2018-10-10,31-45
399,2018-0109,PEATON,PEATON,MASCULINO,34,2018-10-10,31-45
400,2018-0110,PEATON,PEATON,MASCULINO,60,2018-10-14,46-60
401,2018-0111,CONDUCTOR,MOTO,MASCULINO,28,2018-10-19,19-30
402,2018-0112,CONDUCTOR,MOTO,FEMENINO,28,2018-10-24,19-30
403,2018-0113,CONDUCTOR,MOTO,MASCULINO,20,2018-10-25,19-30
404,2018-0114,CONDUCTOR,MOTO,MASCULINO,23,2018-10-30,19-30
405,2018-0115,PEATON,PEATON,MASCULINO,42,2018-11-01,31-45
406,2018-0116,PEATON,PEATON,MASCULINO,48,2018-11-08,46-60
407,2018-0117,CONDUCTOR,MOTO,MASCULINO,30,2018-11-08,19-30
408,2018-0118,PEATON,PEATON,FEMENINO,80,2018-11-05,61+
409,2018-0119,PEATON,PEATON,FEMENINO,32,2018-11-06,31-45
410,2018-0120,PEATON,PEATON,FEMENINO,51,2018-11-20,46-60
411,2018-0121,PEATON,PEATON,FEMENINO,72,2018-11-09,61+
412,2018-0122,CONDUCTOR,AUTO,MASCULINO,33,2018-11-12,31-45
413,2018-0123,CONDUCTOR,AUTO,MASCULINO,25,2018-11-12,19-30
414,2018-0124,CONDUCTOR,CARGAS,MASCULINO,44,2018-11-15,31-45
415,2018-0125,PEATON,PEATON,MASCULINO,29,2018-11-17,19-30
416,2018-0126,CONDUCTOR,MOTO,MASCULINO,27,2018-11-23,19-30
417,2018-0127,CONDUCTOR,MOTO,MASCULINO,29,2018-11-19,19-30
418,2018-0128,PASAJERO_ACOMPAÑANTE,AUTO,MASCULINO,49,2018-11-25,46-60
419,2018-0128,PASAJERO_ACOMPAÑANTE,AUTO,FEMENINO,39,2018-11-25,31-45
420,2018-0129,CONDUCTOR,MOTO,MASCULINO,37,2018-11-30,31-45
421,2018-0130,CONDUCTOR,MOTO,MASCULINO,35,2018-12-03,31-45
422,2018-0131,CONDUCTOR,MOTO,MASCULINO,29,2018-12-07,19-30
423,2018-0132,PEATON,PEATON,MASCULINO,70,2018-12-12,61+
424,2018-0133,PEATON,PEATON,FEMENINO,60,2018-12-12,46-60
425,2018-0134,PEATON,PEATON,MASCULINO,56,2018-12-13,46-60
426,2018-0135,PEATON,PEATON,MASCULINO,80,2018-12-22,61+
427,2018-0136,PEATON,PEATON,FEMENINO,70,2018-12-18,61+
428,2018-0137,PASAJERO_ACOMPAÑANTE,MOTO,MASCULINO,29,2018-12-19,19-30
429,2018-0138,PASAJERO_ACOMPAÑANTE,PASAJEROS,FEMENINO,79,2018-12-21,61+
430,2018-0139,PASAJERO_ACOMPAÑANTE,MOTO,MASCULINO,28,2018-12-24,19-30
431,2018-0140,CONDUCTOR,AUTO,MASCULINO,78,2018-12-22,61+
432,2018-0141,PEATON,PEATON,MASCULINO,75,2018-12-24,61+
433,2018-0142,PASAJERO_ACOMPAÑANTE,CARGAS,MASCULINO,32,2019-01-01,31-45
434,2018-0143,CONDUCTOR,MOTO,MASCULINO,22,2018-12-29,19-30
435,2019-0001,CONDUCTOR,MOTO,MASCULINO,25,2019-01-08,19-30
436,2019-0002,CONDUCTOR,AUTO,MASCULINO,32,2019-01-09,31-45
437,2019-0003,CONDUCTOR,MOTO,MASCULINO,23,2019-01-12,19-30
438,2019-0004,CONDUCTOR,AUTO,MASCULINO,71,2019-01-14,61+
439,2019-0005,CONDUCTOR,MOTO,MASCULINO,43,2019-01-19,31-45
440,2019-0006,PEATON,PEATON,FEMENINO,12,2019-01-23,0-18
441,2019-0007,CONDUCTOR,MOTO,MASCULINO,35,2019-01-26,31-45
442,2019-0008,CONDUCTOR,MOTO,MASCULINO,42,2019-01-31,31-45
443,2019-0009,CONDUCTOR,MOTO,MASCULINO,34,2019-01-31,31-45
444,2019-0010,PEATON,PEATON,MASCULINO,58,2019-02-02,46-60
445,2019-0010,PEATON,PEATON,MASCULINO,59,2019-02-02,46-60
446,2019-0011,PEATON,PEATON,MASCULINO,34,2019-02-10,31-45
447,2019-0012,CONDUCTOR,MOTO,MASCULINO,31,2019-02-20,31-45
448,2019-0013,PEATON,PEATON,MASCULINO,39,2019-03-02,31-45
449,2019-0014,CONDUCTOR,MOTO,MASCULINO,69,2019-02-20,61+
450,2019-0015,CONDUCTOR,AUTO,MASCULINO,21,2019-02-23,19-30
451,2019-0016,CONDUCTOR,MOTO,MASCULINO,40,2019-02-24,31-45
452,2019-0017,CONDUCTOR,AUTO,MASCULINO,22,2019-03-07,19-30
453,2019-0018,PEATON,PEATON,FEMENINO,29,2019-03-03,19-30
454,2019-0019,CONDUCTOR,MOTO,MASCULINO,25,2019-03-26,19-30
455,2019-0020,CONDUCTOR,MOTO,MASCULINO,43,2019-03-07,31-45
456,2019-0021,CONDUCTOR,MOTO,MASCULINO,23,2019-03-16,19-30
457,2019-0022,PASAJERO_ACOMPAÑANTE,AUTO,MASCULINO,45,2019-03-15,31-45
458,2019-0023,CONDUCTOR,AUTO,MASCULINO,34,2019-03-16,31-45
459,2019-0024,CONDUCTOR,MOTO,MASCULINO,32,2019-03-19,31-45
460,2019-0025,PEATON,PEATON,MASCULINO,27,2019-04-04,19-30
461,2019-0026,PEATON,PEATON,MASCULINO,50,2019-03-28,46-60
462,2019-0027,CICLISTA,BICICLETA,MASCULINO,37,2019-03-28,31-45
463,2019-0028,PEATON,PEATON,FEMENINO,41,2019-04-06,31-45
464,2019-0029,CONDUCTOR,MOTO,MASCULINO,27,2019-04-07,19-30
465,2019-0030,CONDUCTOR,MOTO,MASCULINO,25,2019-04-09,19-30
466,2019-0031,CICLISTA,BICICLETA,MASCULINO,20,2019-04-12,19-30
467,2019-0032,PEATON,PEATON,FEMENINO,83,2019-04-18,61+
468,2019-0033,CONDUCTOR,MOTO,MASCULINO,25,2019-04-18,19-30
469,2019-0034,CONDUCTOR,MOTO,MASCULINO,43,2019-04-21,31-45
470,2019-0035,PEATON,PEATON,FEMENINO,75,2019-04-23,61+
471,2019-0036,CONDUCTOR,MOTO,MASCULINO,34,2019-05-02,31-45
472,2019-0037,CONDUCTOR,MOTO,MASCULINO,17,2019-05-01,0-18
473,2019-0038,PEATON,PEATON,FEMENINO,42,2019-05-05,31-45
474,2019-0105,PEATON,PEATON,FEMENINO,82,2019-05-08,61+
475,2019-0039,CONDUCTOR,MOTO,MASCULINO,28,2019-05-09,19-30
476,2019-0040,CONDUCTOR,MOTO,MASCULINO,44,2019-05-15,31-45
477,2019-0041,PASAJERO_ACOMPAÑANTE,AUTO,FEMENINO,78,2019-05-11,61+
478,2019-0042,PEATON,PEATON,MASCULINO,39,2019-05-14,31-45
479,2019-0043,CICLISTA,BICICLETA,FEMENINO,20,2019-05-21,19-30
480,2019-0044,PEATON,PEATON,FEMENINO,77,2019-05-29,61+
481,2019-0045,CONDUCTOR,MOTO,MASCULINO,33,2019-06-03,31-45
482,2019-0046,PASAJERO_ACOMPAÑANTE,MOTO,FEMENINO,26,2019-06-04,19-30
483,2019-0047,PEATON,PEATON,MASCULINO,76,2019-06-06,61+
484,2019-0048,CONDUCTOR,MOTO,MASCULINO,32,2019-06-07,31-45
485,2019-0049,PEATON,PEATON,FEMENINO,72,2019-06-09,61+
486,2019-0050,CONDUCTOR,MOTO,MASCULINO,21,2019-06-09,19-30
487,2019-0051,CONDUCTOR,MOTO,MASCULINO,41,2019-06-11,31-45
488,2019-0053,PASAJERO_ACOMPAÑANTE,AUTO,MASCULINO,49,2019-06-14,46-60
489,2019-0054,CONDUCTOR,MOTO,MASCULINO,21,2019-06-20,19-30
490,2019-0055,CONDUCTOR,MOTO,MASCULINO,47,2019-06-21,46-60
491,2019-0056,PEATON,PEATON,FEMENINO,75,2019-06-29,61+
492,2019-0057,PEATON,PEATON,FEMENINO,63,2019-07-08,61+
493,2019-0058,CONDUCTOR,MOTO,MASCULINO,39,2019-07-10,31-45
494,2019-0059,CONDUCTOR,MOTO,MASCULINO,30,2019-07-13,19-30
495,2019-0060,PEATON,PEATON,FEMENINO,78,2019-07-17,61+
496,2019-0061,PEATON,PEATON,FEMENINO,58,2019-07-17,46-60
497,2019-0062,PEATON,PEATON,FEMENINO,60,2019-08-02,46-60
498,2019-0063,PASAJERO_ACOMPAÑANTE,MOTO,MASCULINO,50,2019-08-04,46-60
499,2019-0064,CONDUCTOR,MOTO,MASCULINO,20,2019-08-06,19-30
500,2019-0065,PEATON,PEATON,FEMENINO,55,2019-08-09,46-60
501,2019-0066,PEATON,PEATON,MASCULINO,40,2019-08-11,31-45
502,2019-0067,CONDUCTOR,MOTO,MASCULINO,35,2019-08-14,31-45
503,2019-0068,CONDUCTOR,MOTO,MASCULINO,53,2019-08-14,46-60
504,2019-0069,CONDUCTOR,MOTO,MASCULINO,43,2019-08-17,31-45
505,2019-0070,CONDUCTOR,MOTO,MASCULINO,25,2019-08-22,19-30
506,2019-0071,PEATON,PEATON,MASCULINO,53,2019-08-27,46-60
507,2019-0072,CONDUCTOR,AUTO,MASCULINO,22,2019-09-02,19-30
508,2019-0073,CONDUCTOR,AUTO,MASCULINO,29,2019-09-06,19-30
509,2019-0074,CONDUCTOR,MOTO,MASCULINO,35,2019-08-29,31-45
510,2019-0075,CONDUCTOR,MOTO,MASCULINO,31,2019-08-30,31-45
511,2019-0076,CONDUCTOR,MOTO,FEMENINO,29,2019-09-05,19-30
512,2019-0077,PEATON,PEATON,FEMENINO,28,2019-09-08,19-30
513,2019-0078,PEATON,PEATON,FEMENINO,72,2019-09-15,61+
514,2019-0079,CONDUCTOR,MOTO,MASCULINO,57,2019-09-17,46-60
515,2019-0080,PEATON,PEATON,MASCULINO,76,2019-09-17,61+
516,2019-0081,PEATON,PEATON,MASCULINO,67,2019-10-07,61+
517,2019-0082,CICLISTA,BICICLETA,MASCULINO,47,2019-09-25,46-60
518,2019-0083,CONDUCTOR,AUTO,MASCULINO,73,2019-09-26,61+
519,2019-0084,CICLISTA,BICICLETA,FEMENINO,40,2019-09-27,31-45
520,2019-0085,CICLISTA,BICICLETA,MASCULINO,20,2019-10-09,19-30
521,2019-0086,CONDUCTOR,MOTO,MASCULINO,29,2019-10-15,19-30
522,2019-0087,CONDUCTOR,MOTO,MASCULINO,41,2019-10-21,31-45
523,2019-0088,PEATON,PEATON,MASCULINO,27,2019-10-22,19-30
524,2019-0089,PEATON,PEATON,FEMENINO,92,2019-10-23,61+
525,2019-0090,PEATON,PEATON,MASCULINO,67,2019-10-26,61+
526,2019-0091,PEATON,PEATON,MASCULINO,35,2019-11-01,31-45
527,2019-0092,PEATON,PEATON,MASCULINO,37,2019-11-03,31-45
528,2019-0093,CICLISTA,BICICLETA,MASCULINO,16,2019-11-13,0-18
529,2019-0094,PASAJERO_ACOMPAÑANTE,MOTO,FEMENINO,44,2019-11-18,31-45
530,2019-0095,CONDUCTOR,MOTO,MASCULINO,59,2019-11-20,46-60
531,2019-0096,PEATON,PEATON,MASCULINO,73,2019-11-22,61+
532,2019-0097,PASAJERO_ACOMPAÑANTE,MOTO,FEMENINO,23,2019-11-25,19-30
533,2019-0098,PASAJERO_ACOMPAÑANTE,PASAJEROS,FEMENINO,61,2019-11-29,61+
534,2019-0100,CONDUCTOR,MOTO,MASCULINO,38,2019-12-18,31-45
535,2019-0101,CONDUCTOR,MOTO,MASCULINO,25,2019-12-17,19-30
536,2019-0102,CONDUCTOR,MOTO,MASCULINO,18,2019-12-18,0-18
537,2019-0103,CONDUCTOR,MOTO,MASCULINO,24,2019-12-18,19-30
538,2019-0104,PASAJERO_ACOMPAÑANTE,MOTO,FEMENINO,23,2019-12-22,19-30
539,2020-0001,PEATON,PEATON,FEMENINO,87,2020-01-04,61+
540,2020-0002,CONDUCTOR,MOTO,MASCULINO,36,2020-01-07,31-45
541,2020-0003,PEATON,PEATON,MASCULINO,44,2020-01-11,31-45
542,2020-0004,PEATON,PEATON,MASCULINO,82,2020-01-15,61+
543,2020-0005,CONDUCTOR,MOTO,MASCULINO,25,2020-02-10,19-30
544,2020-0006,CONDUCTOR,MOTO,MASCULINO,23,2020-01-20,19-30
545,2020-0007,PEATON,PEATON,MASCULINO,52,2020-01-27,46-60
546,2020-0008,CONDUCTOR,MOTO,MASCULINO,49,2020-01-30,46-60
547,2020-0009,PEATON,PEATON,MASCULINO,48,2020-02-05,46-60
548,2020-0010,CONDUCTOR,MOTO,MASCULINO,28,2020-02-08,19-30
549,2020-0011,CONDUCTOR,MOTO,MASCULINO,31,2020-02-12,31-45
550,2020-0012,PEATON,PEATON,FEMENINO,66,2020-02-18,61+
551,2020-0013,PEATON,PEATON,FEMENINO,58,2020-03-03,46-60
552,2020-0014,CONDUCTOR,MOTO,MASCULINO,27,2020-02-27,19-30
553,2020-0015,CONDUCTOR,MOTO,MASCULINO,29,2020-02-28,19-30
554,2020-0016,PEATON,PEATON,MASCULINO,68,2020-03-09,61+
555,2020-0017,PEATON,PEATON,MASCULINO,35,2020-03-05,31-45
556,2020-0018,CONDUCTOR,MOTO,MASCULINO,31,2020-03-09,31-45
557,2020-0019,PEATON,PEATON,FEMENINO,80,2020-03-10,61+
558,2020-0020,PEATON,PEATON,FEMENINO,74,2020-03-17,61+
559,2020-0021,PEATON,PEATON,FEMENINO,87,2020-03-14,61+
560,2020-0022,PASAJERO_ACOMPAÑANTE,AUTO,MASCULINO,44,2020-04-07,31-45
561,2020-0023,CONDUCTOR,AUTO,MASCULINO,44,2020-05-03,31-45
562,2020-0024,CONDUCTOR,AUTO,MASCULINO,53,2020-04-24,46-60
563,2020-0025,PEATON,PEATON,MASCULINO,60,2020-05-12,46-60
564,2020-0026,CONDUCTOR,MOTO,MASCULINO,28,2020-05-17,19-30
565,2020-0027,PEATON,PEATON,MASCULINO,76,2020-05-18,61+
566,2020-0028,PEATON,PEATON,MASCULINO,91,2020-05-23,61+
567,2020-0029,PEATON,PEATON,MASCULINO,80,2020-06-12,61+
568,2020-0030,CONDUCTOR,MOTO,MASCULINO,40,2020-06-16,31-45
569,2020-0031,CONDUCTOR,MOTO,MASCULINO,29,2020-06-30,19-30
570,2020-0032,CONDUCTOR,MOTO,MASCULINO,21,2020-07-10,19-30
571,2020-0033,CONDUCTOR,AUTO,MASCULINO,32,2020-07-19,31-45
572,2020-0034,PEATON,PEATON,FEMENINO,30,2020-08-02,19-30
573,2020-0035,CONDUCTOR,MOTO,MASCULINO,40,2020-08-04,31-45
574,2020-0036,PEATON,PEATON,MASCULINO,72,2020-08-22,61+
575,2020-0037,PEATON,PEATON,MASCULINO,38,2020-08-29,31-45
576,2020-0038,CONDUCTOR,AUTO,MASCULINO,46,2020-08-30,46-60
577,2020-0038,CONDUCTOR,AUTO,MASCULINO,64,2020-08-30,61+
578,2020-0039,PEATON,PEATON,MASCULINO,44,2020-09-01,31-45
579,2020-0040,CONDUCTOR,AUTO,MASCULINO,26,2020-09-12,19-30
580,2020-0041,CONDUCTOR,MOTO,MASCULINO,34,2020-09-28,31-45
581,2020-0042,PEATON,PEATON,FEMENINO,53,2020-09-29,46-60
582,2020-0043,PEATON,PEATON,MASCULINO,64,2020-09-30,61+
583,2020-0044,CONDUCTOR,AUTO,MASCULINO,43,2020-10-05,31-45
584,2020-0045,CONDUCTOR,AUTO,MASCULINO,50,2020-10-19,46-60
585,2020-0046,CONDUCTOR,MOTO,MASCULINO,41,2020-10-27,31-45
586,2020-0047,PEATON,PEATON,MASCULINO,15,2020-10-27,0-18
587,2020-0048,CONDUCTOR,MOTO,MASCULINO,41,2020-10-29,31-45
588,2020-0049,PEATON,PEATON,MASCULINO,36,2020-10-30,31-45
589,2020-0050,PEATON,PEATON,FEMENINO,28,2020-11-01,19-30
590,2020-0051,CONDUCTOR,MOTO,MASCULINO,49,2020-11-05,46-60
591,2020-0052,CICLISTA,BICICLETA,MASCULINO,44,2020-11-07,31-45
592,2020-0053,PASAJERO_ACOMPAÑANTE,AUTO,MASCULINO,27,2020-11-09,19-30
593,2020-0054,CICLISTA,BICICLETA,MASCULINO,59,2020-11-23,46-60
594,2020-0055,PEATON,PEATON,MASCULINO,91,2020-12-11,61+
595,2020-0056,CONDUCTOR,MOTO,FEMENINO,34,2020-11-21,31-45
596,2020-0057,PEATON,PEATON,MASCULINO,84,2020-11-23,61+
597,2020-0058,PEATON,PEATON,MASCULINO,57,2020-11-25,46-60
598,2020-0059,PEATON,PEATON,FEMENINO,49,2020-12-14,46-60
599,2020-0060,PEATON,PEATON,FEMENINO,69,2020-12-03,61+
600,2020-0061,CONDUCTOR,MOTO,MASCULINO,45,2020-12-04,31-45
601,2020-0062,CICLISTA,BICICLETA,MASCULINO,47,2020-12-04,46-60
602,2020-0063,PEATON,PEATON,MASCULINO,38,2020-12-05,31-45
603,2020-0063,PASAJERO_ACOMPAÑANTE,MOTO,MASCULINO,21,2020-12-05,19-30
604,2020-0065,CONDUCTOR,MOTO,MASCULINO,24,2020-12-06,19-30
605,2020-0066,CONDUCTOR,MOTO,MASCULINO,27,2020-12-07,19-30
606,2020-0067,PEATON,PEATON,MASCULINO,51,2020-12-11,46-60
607,2020-0068,CONDUCTOR,MOTO,MASCULINO,71,2020-12-20,61+
608,2020-0069,PASAJERO_ACOMPAÑANTE,MOTO,MASCULINO,25,2020-12-15,19-30
609,2020-0070,PEATON,PEATON,FEMENINO,81,2020-12-22,61+
610,2020-0071,PEATON,PEATON,MASCULINO,4,2020-12-17,0-18
611,2020-0072,CICLISTA,BICICLETA,MASCULINO,42,2020-12-19,31-45
612,2020-0073,CONDUCTOR,MOTO,MASCULINO,56,2020-12-20,46-60
613,2020-0074,CONDUCTOR,AUTO,MASCULINO,39,2020-12-20,31-45
614,2020-0075,PEATON,PEATON,MASCULINO,23,2020-12-23,19-30
615,2020-0076,CONDUCTOR,AUTO,FEMENINO,78,2021-01-17,61+
616,2020-0077,CONDUCTOR,MOTO,FEMENINO,30,2020-12-25,19-30
617,2020-0077,PASAJERO_ACOMPAÑANTE,MOTO,FEMENINO,24,2020-12-25,19-30
618,2020-0078,CICLISTA,BICICLETA,MASCULINO,26,2020-12-25,19-30
619,2020-0079,CONDUCTOR,MOTO,MASCULINO,28,2020-12-27,19-30
620,2021-0001,CONDUCTOR,MOTO,MASCULINO,36,2021-01-06,31-45
621,2021-0002,CONDUCTOR,MOTO,FEMENINO,47,2021-01-07,46-60
622,2021-0003,CONDUCTOR,MOTO,MASCULINO,27,2021-01-10,19-30
623,2021-0004,PEATON,PEATON,FEMENINO,61,2021-01-11,61+
624,2021-0005,PEATON,PEATON,MASCULINO,73,2021-01-14,61+
625,2021-0006,PASAJERO_ACOMPAÑANTE,MOTO,FEMENINO,23,2021-01-12,19-30
626,2021-0007,CONDUCTOR,MOTO,MASCULINO,84,2021-01-26,61+
627,2021-0008,PEATON,PEATON,MASCULINO,28,2021-01-22,19-30
628,2021-0009,CONDUCTOR,MOTO,MASCULINO,31,2021-01-23,31-45
629,2021-0010,CONDUCTOR,MOTO,MASCULINO,28,2021-01-23,19-30
630,2021-0011,PEATON,PEATON,MASCULINO,21,2021-01-27,19-30
631,2021-0012,PEATON,PEATON,MASCULINO,30,2021-01-29,19-30
632,2021-0013,CONDUCTOR,MOTO,MASCULINO,41,2021-01-31,31-45
633,2021-0014,PEATON,PEATON,MASCULINO,28,2021-02-18,19-30
634,2021-0015,CONDUCTOR,MOTO,MASCULINO,26,2021-02-06,19-30
635,2021-0016,CONDUCTOR,AUTO,MASCULINO,22,2021-02-14,19-30
636,2021-0017,CONDUCTOR,MOTO,MASCULINO,33,2021-02-17,31-45
637,2021-0018,PEATON,PEATON,MASCULINO,36,2021-03-08,31-45
638,2021-0019,CONDUCTOR,MOTO,MASCULINO,30,2021-02-21,19-30
639,2021-0020,PEATON,PEATON,FEMENINO,34,2021-02-21,31-45
640,2021-0021,CONDUCTOR,MOTO,MASCULINO,39,2021-03-04,31-45
641,2021-0022,PASAJERO_ACOMPAÑANTE,PASAJEROS,MASCULINO,68,2021-03-06,61+
642,2021-0023,CONDUCTOR,MOTO,MASCULINO,24,2021-03-01,19-30
643,2021-0024,CICLISTA,BICICLETA,MASCULINO,5,2021-03-03,0-18
644,2021-0025,CONDUCTOR,MOTO,MASCULINO,37,2021-03-11,31-45
645,2021-0026,CONDUCTOR,MOTO,MASCULINO,36,2021-03-15,31-45
646,2021-0027,CONDUCTOR,MOTO,FEMENINO,19,2021-03-16,19-30
647,2021-0028,PEATON,PEATON,MASCULINO,34,2021-03-29,31-45
648,2021-0029,CONDUCTOR,AUTO,MASCULINO,26,2021-04-02,19-30
649,2021-0030,PEATON,PEATON,MASCULINO,36,2021-04-07,31-45
650,2021-0031,PEATON,PEATON,FEMENINO,68,2021-04-11,61+
651,2021-0032,PEATON,PEATON,MASCULINO,60,2021-04-29,46-60
652,2021-0033,CONDUCTOR,AUTO,MASCULINO,33,2021-04-14,31-45
653,2021-0034,PASAJERO_ACOMPAÑANTE,MOTO,FEMENINO,26,2021-04-19,19-30
654,2021-0035,CONDUCTOR,MOTO,MASCULINO,24,2021-05-03,19-30
655,2021-0036,CONDUCTOR,MOTO,MASCULINO,36,2021-05-09,31-45
656,2021-0037,PEATON,PEATON,FEMENINO,58,2021-05-11,46-60
657,2021-0038,CONDUCTOR,MOTO,FEMENINO,44,2021-05-14,31-45
658,2021-0039,CICLISTA,BICICLETA,MASCULINO,86,2021-06-05,61+
659,2021-0040,CONDUCTOR,MOTO,MASCULINO,27,2021-05-20,19-30
660,2021-0041,PEATON,PEATON,MASCULINO,75,2021-05-20,61+
661,2021-0042,PEATON,PEATON,MASCULINO,39,2021-05-21,31-45
662,2021-0043,PEATON,PEATON,MASCULINO,50,2021-05-22,46-60
663,2021-0044,PASAJERO_ACOMPAÑANTE,MOTO,MASCULINO,21,2021-05-25,19-30
664,2021-0045,CONDUCTOR,MOTO,MASCULINO,22,2021-05-26,19-30
665,2021-0046,PASAJERO_ACOMPAÑANTE,AUTO,MASCULINO,20,2021-05-31,19-30
666,2021-0047,CONDUCTOR,MOTO,MASCULINO,59,2021-06-02,46-60
667,2021-0048,CICLISTA,BICICLETA,MASCULINO,44,2021-06-23,31-45
668,2021-0049,CONDUCTOR,AUTO,MASCULINO,74,2021-06-03,61+
669,2021-0050,CONDUCTOR,MOTO,MASCULINO,56,2021-06-10,46-60
670,2021-0051,PEATON,PEATON,MASCULINO,73,2021-06-16,61+
671,2021-0052,PASAJERO_ACOMPAÑANTE,MOTO,FEMENINO,19,2021-06-20,19-30
672,2021-0053,PEATON,PEATON,MASCULINO,58,2021-06-30,46-60
673,2021-0054,CONDUCTOR,MOTO,MASCULINO,41,2021-06-22,31-45
674,2021-0055,PASAJERO_ACOMPAÑANTE,MOTO,MASCULINO,47,2021-06-29,46-60
675,2021-0056,CICLISTA,BICICLETA,MASCULINO,60,2021-07-09,46-60
676,2021-0057,CONDUCTOR,AUTO,MASCULINO,46,2021-07-10,46-60
677,2021-0058,PEATON,PEATON,MASCULINO,24,2021-07-21,19-30
678,2021-0059,PASAJERO_ACOMPAÑANTE,AUTO,FEMENINO,44,2021-07-22,31-45
679,2021-0060,PEATON,PEATON,FEMENINO,80,2021-07-22,61+
680,2021-0061,PEATON,PEATON,FEMENINO,55,2021-07-24,46-60
681,2021-0062,CONDUCTOR,AUTO,MASCULINO,73,2021-07-27,61+
682,2021-0063,PASAJERO_ACOMPAÑANTE,AUTO,FEMENINO,31,2021-08-02,31-45
683,2021-0064,PEATON,PEATON,MASCULINO,37,2021-08-03,31-45
684,2021-0065,PEATON,PEATON,FEMENINO,63,2021-08-10,61+
685,2021-0066,PEATON,PEATON,MASCULINO,59,2021-08-09,46-60
686,2021-0067,CONDUCTOR,MOTO,MASCULINO,27,2021-08-08,19-30
687,2021-0068,CONDUCTOR,MOTO,MASCULINO,39,2021-08-15,31-45
688,2021-0069,PEATON,PEATON,MASCULINO,17,2021-08-21,0-18
689,2021-0070,CONDUCTOR,MOTO,MASCULINO,31,2021-08-28,31-45
690,2021-0071,PEATON,PEATON,MASCULINO,88,2021-09-01,61+
691,2021-0072,PEATON,PEATON,FEMENINO,57,2021-09-01,46-60
692,2021-0073,CICLISTA,BICICLETA,FEMENINO,76,2021-09-18,61+
693,2021-0074,CONDUCTOR,MOTO,MASCULINO,55,2021-09-20,46-60
694,2021-0075,PEATON,PEATON,MASCULINO,65,2021-09-21,61+
695,2021-0076,CONDUCTOR,MOTO,MASCULINO,31,2021-10-16,31-45
696,2021-0077,CONDUCTOR,MOTO,FEMENINO,31,2021-10-18,31-45
697,2021-0078,CONDUCTOR,MOTO,MASCULINO,22,2021-10-23,19-30
698,2021-0079,PEATON,PEATON,MASCULINO,74,2021-10-25,61+
699,2021-0080,CONDUCTOR,MOTO,MASCULINO,32,2021-10-28,31-45
700,2021-0081,CONDUCTOR,MOTO,MASCULINO,26,2021-11-02,19-30
701,2021-0082,CONDUCTOR,MOTO,MASCULINO,38,2021-11-06,31-45
702,2021-0083,CONDUCTOR,MOTO,MASCULINO,30,2021-11-09,19-30
703,2021-0084,CONDUCTOR,AUTO,MASCULINO,32,2021-11-11,31-45
704,2021-0097,CICLISTA,BICICLETA,MASCULINO,53,2021-11-19,46-60
705,2021-0085,CONDUCTOR,MOTO,MASCULINO,49,2021-11-20,46-60
706,2021-0086,PEATON,PEATON,MASCULINO,75,2021-11-25,61+
707,2021-0087,PEATON,PEATON,FEMENINO,73,2021-11-27,61+
708,2021-0088,CONDUCTOR,MOTO,MASCULINO,45,2021-12-07,31-45
709,2021-0089,CONDUCTOR,MOTO,MASCULINO,41,2021-12-11,31-45
710,2021-0090,PEATON,PEATON,MASCULINO,73,2022-01-03,61+
711,2021-0091,CONDUCTOR,MOTO,MASCULINO,24,2021-12-11,19-30
712,2021-0092,PEATON,PEATON,FEMENINO,50,2021-12-12,46-60
713,2021-0093,PASAJERO_ACOMPAÑANTE,MOTO,FEMENINO,18,2021-12-18,0-18
714,2021-0094,PASAJERO_ACOMPAÑANTE,MOTO,FEMENINO,43,2021-12-20,31-45
715,2021-0095,CONDUCTOR,MOTO,MASCULINO,27,2022-01-02,19-30
716,2021-0096,CONDUCTOR,AUTO,MASCULINO,60,2021-12-20,46-60
