anio,mes,tipo_licencia,sexo,cantidad
2006,Enero,nuevas,MASCULINO,4987
2006,Enero,nuevas,FEMENINO,2138
2006,Enero,renovadas,MASCULINO,13249
2006,Enero,renovadas,FEMENINO,4458
2006,Febrero,nuevas,MASCULINO,3692
2006,Febrero,nuevas,FEMENINO,1699
2006,Febrero,renovadas,MASCULINO,10101
2006,Febrero,renovadas,FEMENINO,3436
2006,Marzo,nuevas,MASCULINO,4329
2006,Marzo,nuevas,FEMENINO,2145
2006,Marzo,renovadas,MASCULINO,13736
2006,Marzo,renovadas,FEMENINO,4446
2006,Abril,nuevas,MASCULINO,3421
2006,Abril,nuevas,FEMENINO,1635
2006,Abril,renovadas,MASCULINO,12076
2006,Abril,renovadas,FEMENINO,3694
2006,Mayo,nuevas,MASCULINO,3572
2006,Mayo,nuevas,FEMENINO,1655
2006,Mayo,renovadas,MASCULINO,13511
2006,Mayo,renovadas,FEMENINO,4194
2006,Junio,nuevas,MASCULINO,3021
2006,Junio,nuevas,FEMENINO,1453
2006,Junio,renovadas,MASCULINO,12521
2006,Junio,renovadas,FEMENINO,4101
2006,Julio,nuevas,MASCULINO,3343
2006,Julio,nuevas,FEMENINO,1670
2006,Julio,renovadas,MASCULINO,13631
2006,Julio,renovadas,FEMENINO,4370
2006,Agosto,nuevas,MASCULINO,4124
2006,Agosto,nuevas,FEMENINO,1984
2006,Agosto,renovadas,MASCULINO,14251
2006,Agosto,renovadas,FEMENINO,4581
2006,Septiembre,nuevas,MASCULINO,4153
2006,Septiembre,nuevas,FEMENINO,3569
2006,Septiembre,renovadas,MASCULINO,13663
2006,Septiembre,renovadas,FEMENINO,4487
2006,Octubre,nuevas,MASCULINO,3866
2006,Octubre,nuevas,FEMENINO,1812
2006,Octubre,renovadas,MASCULINO,13608
2006,Octubre,renovadas,FEMENINO,4217
2006,Noviembre,nuevas,MASCULINO,4593
2006,Noviembre,nuevas,FEMENINO,1976
2006,Noviembre,renovadas,MASCULINO,14756
2006,Noviembre,renovadas,FEMENINO,4701
2006,Diciembre,nuevas,MASCULINO,4148
2006,Diciembre,nuevas,FEMENINO,1735
2006,Diciembre,renovadas,MASCULINO,13164
2006,Diciembre,renovadas,FEMENINO,4390
2007,Enero,nuevas,MASCULINO,5082
2007,Enero,nuevas,FEMENINO,2198
2007,Enero,renovadas,MASCULINO,16205
2007,Enero,renovadas,FEMENINO,5502
2007,Febrero,nuevas,MASCULINO,3994
2007,Febrero,nuevas,FEMENINO,1866
2007,Febrero,renovadas,MASCULINO,12103
2007,Febrero,renovadas,FEMENINO,4189
2007,Marzo,nuevas,MASCULINO,2966
2007,Marzo,nuevas,FEMENINO,1530
2007,Marzo,renovadas,MASCULINO,15760
2007,Marzo,renovadas,FEMENINO,5655
2007,Abril,nuevas,MASCULINO,2541
2007,Abril,nuevas,FEMENINO,1311
2007,Abril,renovadas,MASCULINO,13369
2007,Abril,renovadas,FEMENINO,4538
2007,Mayo,nuevas,MASCULINO,2564
2007,Mayo,nuevas,FEMENINO,1349
2007,Mayo,renovadas,MASCULINO,12661
2007,Mayo,renovadas,FEMENINO,4669
2007,Junio,nuevas,MASCULINO,2653
2007,Junio,nuevas,FEMENINO,1386
2007,Junio,renovadas,MASCULINO,13704
2007,Junio,renovadas,FEMENINO,4686
2007,Julio,nuevas,MASCULINO,2999
2007,Julio,nuevas,FEMENINO,1534
2007,Julio,renovadas,MASCULINO,14413
2007,Julio,renovadas,FEMENINO,4853
2007,Agosto,nuevas,MASCULINO,3422
2007,Agosto,nuevas,FEMENINO,1726
2007,Agosto,renovadas,MASCULINO,14708
2007,Agosto,renovadas,FEMENINO,4992
2007,Septiembre,nuevas,MASCULINO,3041
2007,Septiembre,nuevas,FEMENINO,1626
2007,Septiembre,renovadas,MASCULINO,14251
2007,Septiembre,renovadas,FEMENINO,4642
2007,Octubre,nuevas,MASCULINO,3094
2007,Octubre,nuevas,FEMENINO,1411
2007,Octubre,renovadas,MASCULINO,15406
2007,Octubre,renovadas,FEMENINO,5242
2007,Noviembre,nuevas,MASCULINO,3128
2007,Noviembre,nuevas,FEMENINO,1532
2007,Noviembre,renovadas,MASCULINO,15992
2007,Noviembre,renovadas,FEMENINO,5347
2007,Diciembre,nuevas,MASCULINO,2830
2007,Diciembre,nuevas,FEMENINO,1470
2007,Diciembre,renovadas,MASCULINO,14623
2007,Diciembre,renovadas,FEMENINO,4824
2008,Enero,nuevas,MASCULINO,3124
2008,Enero,nuevas,FEMENINO,1464
2008,Enero,renovadas,MASCULINO,16592
2008,Enero,renovadas,FEMENINO,5506
2008,Febrero,nuevas,MASCULINO,3141
2008,Febrero,nuevas,FEMENINO,1607
2008,Febrero,renovadas,MASCULINO,15038
2008,Febrero,renovadas,FEMENINO,5221
2008,Marzo,nuevas,MASCULINO,3343
2008,Marzo,nuevas,FEMENINO,1614
2008,Marzo,renovadas,MASCULINO,14897
2008,Marzo,renovadas,FEMENINO,4998
2008,Abril,nuevas,MASCULINO,3962
2008,Abril,nuevas,FEMENINO,1776
2008,Abril,renovadas,MASCULINO,16597
2008,Abril,renovadas,FEMENINO,5584
2008,Mayo,nuevas,MASCULINO,3539
2008,Mayo,nuevas,FEMENINO,1737
2008,Mayo,renovadas,MASCULINO,14344
2008,Mayo,renovadas,FEMENINO,4930
2008,Junio,nuevas,MASCULINO,3223
2008,Junio,nuevas,FEMENINO,1505
2008,Junio,renovadas,MASCULINO,13886
2008,Junio,renovadas,FEMENINO,4674
2008,Julio,nuevas,MASCULINO,3583
2008,Julio,nuevas,FEMENINO,1700
2008,Julio,renovadas,MASCULINO,16251
2008,Julio,renovadas,FEMENINO,5498
2008,Agosto,nuevas,MASCULINO,3550
2008,Agosto,nuevas,FEMENINO,1761
2008,Agosto,renovadas,MASCULINO,14956
2008,Agosto,renovadas,FEMENINO,5376
2008,Septiembre,nuevas,MASCULINO,3662
2008,Septiembre,nuevas,FEMENINO,1665
2008,Septiembre,renovadas,MASCULINO,16252
2008,Septiembre,renovadas,FEMENINO,5556
2008,Octubre,nuevas,MASCULINO,3791
2008,Octubre,nuevas,FEMENINO,1680
2008,Octubre,renovadas,MASCULINO,17220
2008,Octubre,renovadas,FEMENINO,5813
2008,Noviembre,nuevas,MASCULINO,3359
2008,Noviembre,nuevas,FEMENINO,1571
2008,Noviembre,renovadas,MASCULINO,15492
2008,Noviembre,renovadas,FEMENINO,5519
2008,Diciembre,nuevas,MASCULINO,3741
2008,Diciembre,nuevas,FEMENINO,1844
2008,Diciembre,renovadas,MASCULINO,17103
2008,Diciembre,renovadas,FEMENINO,6044
2009,Enero,nuevas,MASCULINO,4233
2009,Enero,nuevas,FEMENINO,1784
2009,Enero,renovadas,MASCULINO,17111
2009,Enero,renovadas,FEMENINO,6269
2009,Febrero,nuevas,MASCULINO,3794
2009,Febrero,nuevas,FEMENINO,1762
2009,Febrero,renovadas,MASCULINO,13536
2009,Febrero,renovadas,FEMENINO,5055
2009,Marzo,nuevas,MASCULINO,4267
2009,Marzo,nuevas,FEMENINO,2077
2009,Marzo,renovadas,MASCULINO,16090
2009,Marzo,renovadas,FEMENINO,5644
2009,Abril,nuevas,MASCULINO,3613
2009,Abril,nuevas,FEMENINO,1788
2009,Abril,renovadas,MASCULINO,15026
2009,Abril,renovadas,FEMENINO,5231
2009,Mayo,nuevas,MASCULINO,3430
2009,Mayo,nuevas,FEMENINO,1614
2009,Mayo,renovadas,MASCULINO,14081
2009,Mayo,renovadas,FEMENINO,4921
2009,Junio,nuevas,MASCULINO,3296
2009,Junio,nuevas,FEMENINO,1678
2009,Junio,renovadas,MASCULINO,14617
2009,Junio,renovadas,FEMENINO,5368
2009,Julio,nuevas,MASCULINO,3064
2009,Julio,nuevas,FEMENINO,1548
2009,Julio,renovadas,MASCULINO,12957
2009,Julio,renovadas,FEMENINO,4782
2009,Agosto,nuevas,MASCULINO,3049
2009,Agosto,nuevas,FEMENINO,1432
2009,Agosto,renovadas,MASCULINO,15677
2009,Agosto,renovadas,FEMENINO,5422
2009,Septiembre,nuevas,MASCULINO,4256
2009,Septiembre,nuevas,FEMENINO,2202
2009,Septiembre,renovadas,MASCULINO,18174
2009,Septiembre,renovadas,FEMENINO,6866
2009,Octubre,nuevas,MASCULINO,4149
2009,Octubre,nuevas,FEMENINO,1951
2009,Octubre,renovadas,MASCULINO,17134
2009,Octubre,renovadas,FEMENINO,6393
2009,Noviembre,nuevas,MASCULINO,4067
2009,Noviembre,nuevas,FEMENINO,1868
2009,Noviembre,renovadas,MASCULINO,17211
2009,Noviembre,renovadas,FEMENINO,6464
2009,Diciembre,nuevas,MASCULINO,4068
2009,Diciembre,nuevas,FEMENINO,1973
2009,Diciembre,renovadas,MASCULINO,17045
2009,Diciembre,renovadas,FEMENINO,6367
2010,Enero,nuevas,MASCULINO,4140
2010,Enero,nuevas,FEMENINO,1690
2010,Enero,renovadas,MASCULINO,17638
2010,Enero,renovadas,FEMENINO,6387
2010,Febrero,nuevas,MASCULINO,3628
2010,Febrero,nuevas,FEMENINO,1754
2010,Febrero,renovadas,MASCULINO,13725
2010,Febrero,renovadas,FEMENINO,5067
2010,Marzo,nuevas,MASCULINO,4210
2010,Marzo,nuevas,FEMENINO,2120
2010,Marzo,renovadas,MASCULINO,17055
2010,Marzo,renovadas,FEMENINO,6133
2010,Abril,nuevas,MASCULINO,3785
2010,Abril,nuevas,FEMENINO,1840
2010,Abril,renovadas,MASCULINO,15184
2010,Abril,renovadas,FEMENINO,5458
2010,Mayo,nuevas,MASCULINO,3631
2010,Mayo,nuevas,FEMENINO,1780
2010,Mayo,renovadas,MASCULINO,14066
2010,Mayo,renovadas,FEMENINO,5001
2010,Junio,nuevas,MASCULINO,3717
2010,Junio,nuevas,FEMENINO,1798
2010,Junio,renovadas,MASCULINO,14748
2010,Junio,renovadas,FEMENINO,5541
2010,Julio,nuevas,MASCULINO,3760
2010,Julio,nuevas,FEMENINO,1728
2010,Julio,renovadas,MASCULINO,15029
2010,Julio,renovadas,FEMENINO,5513
2010,Agosto,nuevas,MASCULINO,3986
2010,Agosto,nuevas,FEMENINO,1794
2010,Agosto,renovadas,MASCULINO,13908
2010,Agosto,renovadas,FEMENINO,5265
2010,Septiembre,nuevas,MASCULINO,4495
2010,Septiembre,nuevas,FEMENINO,2015
2010,Septiembre,renovadas,MASCULINO,15344
2010,Septiembre,renovadas,FEMENINO,5829
2010,Octubre,nuevas,MASCULINO,3937
2010,Octubre,nuevas,FEMENINO,1627
2010,Octubre,renovadas,MASCULINO,13988
2010,Octubre,renovadas,FEMENINO,5306
2010,Noviembre,nuevas,MASCULINO,4736
2010,Noviembre,nuevas,FEMENINO,1865
2010,Noviembre,renovadas,MASCULINO,15225
2010,Noviembre,renovadas,FEMENINO,5940
2010,Diciembre,nuevas,MASCULINO,4466
2010,Diciembre,nuevas,FEMENINO,1978
2010,Diciembre,renovadas,MASCULINO,16745
2010,Diciembre,renovadas,FEMENINO,6614
2011,Enero,nuevas,MASCULINO,4526
2011,Enero,nuevas,FEMENINO,1721
2011,Enero,renovadas,MASCULINO,16455
2011,Enero,renovadas,FEMENINO,6527
2011,Febrero,nuevas,MASCULINO,3527
2011,Febrero,nuevas,FEMENINO,1484
2011,Febrero,renovadas,MASCULINO,14424
2011,Febrero,renovadas,FEMENINO,5657
2011,Marzo,nuevas,MASCULINO,3583
2011,Marzo,nuevas,FEMENINO,1579
2011,Marzo,renovadas,MASCULINO,14874
2011,Marzo,renovadas,FEMENINO,5874
2011,Abril,nuevas,MASCULINO,3621
2011,Abril,nuevas,FEMENINO,1739
2011,Abril,renovadas,MASCULINO,14651
2011,Abril,renovadas,FEMENINO,5896
2011,Mayo,nuevas,MASCULINO,4324
2011,Mayo,nuevas,FEMENINO,1797
2011,Mayo,renovadas,MASCULINO,15004
2011,Mayo,renovadas,FEMENINO,5926
2011,Junio,nuevas,MASCULINO,3948
2011,Junio,nuevas,FEMENINO,1809
2011,Junio,renovadas,MASCULINO,14667
2011,Junio,renovadas,FEMENINO,5723
2011,Julio,nuevas,MASCULINO,3904
2011,Julio,nuevas,FEMENINO,1741
2011,Julio,renovadas,MASCULINO,15126
2011,Julio,renovadas,FEMENINO,6114
2011,Agosto,nuevas,MASCULINO,4323
2011,Agosto,nuevas,FEMENINO,1963
2011,Agosto,renovadas,MASCULINO,16987
2011,Agosto,renovadas,FEMENINO,6690
2011,Septiembre,nuevas,MASCULINO,4538
2011,Septiembre,nuevas,FEMENINO,2043
2011,Septiembre,renovadas,MASCULINO,17302
2011,Septiembre,renovadas,FEMENINO,6736
2011,Octubre,nuevas,MASCULINO,3787
2011,Octubre,nuevas,FEMENINO,1613
2011,Octubre,renovadas,MASCULINO,10032
2011,Octubre,renovadas,FEMENINO,3924
2011,Noviembre,nuevas,MASCULINO,3827
2011,Noviembre,nuevas,FEMENINO,1731
2011,Noviembre,renovadas,MASCULINO,19804
2011,Noviembre,renovadas,FEMENINO,7456
2011,Diciembre,nuevas,MASCULINO,3195
2011,Diciembre,nuevas,FEMENINO,1456
2011,Diciembre,renovadas,MASCULINO,19958
2011,Diciembre,renovadas,FEMENINO,7783
2012,Enero,nuevas,MASCULINO,3288
2012,Enero,nuevas,FEMENINO,1455
2012,Enero,renovadas,MASCULINO,20965
2012,Enero,renovadas,FEMENINO,8365
2012,Febrero,nuevas,MASCULINO,2553
2012,Febrero,nuevas,FEMENINO,1198
2012,Febrero,renovadas,MASCULINO,15947
2012,Febrero,renovadas,FEMENINO,6492
2012,Marzo,nuevas,MASCULINO,4198
2012,Marzo,nuevas,FEMENINO,1959
2012,Marzo,renovadas,MASCULINO,20905
2012,Marzo,renovadas,FEMENINO,8457
2012,Abril,nuevas,MASCULINO,3591
2012,Abril,nuevas,FEMENINO,1590
2012,Abril,renovadas,MASCULINO,16038
2012,Abril,renovadas,FEMENINO,6362
2012,Mayo,nuevas,MASCULINO,4202
2012,Mayo,nuevas,FEMENINO,1984
2012,Mayo,renovadas,MASCULINO,20181
2012,Mayo,renovadas,FEMENINO,7800
2012,Junio,nuevas,MASCULINO,4107
2012,Junio,nuevas,FEMENINO,1904
2012,Junio,renovadas,MASCULINO,17882
2012,Junio,renovadas,FEMENINO,6935
2012,Julio,nuevas,MASCULINO,3846
2012,Julio,nuevas,FEMENINO,1921
2012,Julio,renovadas,MASCULINO,19288
2012,Julio,renovadas,FEMENINO,7833
2012,Agosto,nuevas,MASCULINO,3998
2012,Agosto,nuevas,FEMENINO,1946
2012,Agosto,renovadas,MASCULINO,19231
2012,Agosto,renovadas,FEMENINO,7426
2012,Septiembre,nuevas,MASCULINO,3994
2012,Septiembre,nuevas,FEMENINO,1650
2012,Septiembre,renovadas,MASCULINO,17529
2012,Septiembre,renovadas,FEMENINO,6572
2012,Octubre,nuevas,MASCULINO,4057
2012,Octubre,nuevas,FEMENINO,1807
2012,Octubre,renovadas,MASCULINO,20909
2012,Octubre,renovadas,FEMENINO,8035
2012,Noviembre,nuevas,MASCULINO,3748
2012,Noviembre,nuevas,FEMENINO,1841
2012,Noviembre,renovadas,MASCULINO,20525
2012,Noviembre,renovadas,FEMENINO,7781
2012,Diciembre,nuevas,MASCULINO,3776
2012,Diciembre,nuevas,FEMENINO,1852
2012,Diciembre,renovadas,MASCULINO,19878
2012,Diciembre,renovadas,FEMENINO,7874
2013,Enero,nuevas,MASCULINO,4067
2013,Enero,nuevas,FEMENINO,1751
2013,Enero,renovadas,MASCULINO,22258
2013,Enero,renovadas,FEMENINO,8134
2013,Febrero,nuevas,MASCULINO,2909
2013,Febrero,nuevas,FEMENINO,1441
2013,Febrero,renovadas,MASCULINO,16997
2013,Febrero,renovadas,FEMENINO,6835
2013,Marzo,nuevas,MASCULINO,3924
2013,Marzo,nuevas,FEMENINO,1920
2013,Marzo,renovadas,MASCULINO,20097
2013,Marzo,renovadas,FEMENINO,7985
2013,Abril,nuevas,MASCULINO,4114
2013,Abril,nuevas,FEMENINO,1928
2013,Abril,renovadas,MASCULINO,20284
2013,Abril,renovadas,FEMENINO,8108
2013,Mayo,nuevas,MASCULINO,4494
2013,Mayo,nuevas,FEMENINO,1989
2013,Mayo,renovadas,MASCULINO,22177
2013,Mayo,renovadas,FEMENINO,8949
2013,Junio,nuevas,MASCULINO,3797
2013,Junio,nuevas,FEMENINO,1696
2013,Junio,renovadas,MASCULINO,18740
2013,Junio,renovadas,FEMENINO,7335
2013,Julio,nuevas,MASCULINO,4448
2013,Julio,nuevas,FEMENINO,2121
2013,Julio,renovadas,MASCULINO,22590
2013,Julio,renovadas,FEMENINO,9214
2013,Agosto,nuevas,MASCULINO,3797
2013,Agosto,nuevas,FEMENINO,1907
2013,Agosto,renovadas,MASCULINO,19260
2013,Agosto,renovadas,FEMENINO,7573
2013,Septiembre,nuevas,MASCULINO,4225
2013,Septiembre,nuevas,FEMENINO,2023
2013,Septiembre,renovadas,MASCULINO,19664
2013,Septiembre,renovadas,FEMENINO,7540
2013,Octubre,nuevas,MASCULINO,4393
2013,Octubre,nuevas,FEMENINO,2011
2013,Octubre,renovadas,MASCULINO,21515
2013,Octubre,renovadas,FEMENINO,8011
2013,Noviembre,nuevas,MASCULINO,3564
2013,Noviembre,nuevas,FEMENINO,1611
2013,Noviembre,renovadas,MASCULINO,18696
2013,Noviembre,renovadas,FEMENINO,7277
2013,Diciembre,nuevas,MASCULINO,3579
2013,Diciembre,nuevas,FEMENINO,1811
2013,Diciembre,renovadas,MASCULINO,16526
2013,Diciembre,renovadas,FEMENINO,6230
2014,Enero,nuevas,MASCULINO,5159
2014,Enero,nuevas,FEMENINO,2167
2014,Enero,renovadas,MASCULINO,24666
2014,Enero,renovadas,FEMENINO,8867
2014,Febrero,nuevas,MASCULINO,4064
2014,Febrero,nuevas,FEMENINO,1980
2014,Febrero,renovadas,MASCULINO,17175
2014,Febrero,renovadas,FEMENINO,6470
2014,Marzo,nuevas,MASCULINO,3566
2014,Marzo,nuevas,FEMENINO,1828
2014,Marzo,renovadas,MASCULINO,16742
2014,Marzo,renovadas,FEMENINO,6158
2014,Abril,nuevas,MASCULINO,3995
2014,Abril,nuevas,FEMENINO,2031
2014,Abril,renovadas,MASCULINO,19319
2014,Abril,renovadas,FEMENINO,6965
2014,Mayo,nuevas,MASCULINO,4024
2014,Mayo,nuevas,FEMENINO,1884
2014,Mayo,renovadas,MASCULINO,20900
2014,Mayo,renovadas,FEMENINO,7660
2014,Junio,nuevas,MASCULINO,3637
2014,Junio,nuevas,FEMENINO,1695
2014,Junio,renovadas,MASCULINO,19773
2014,Junio,renovadas,FEMENINO,7535
2014,Julio,nuevas,MASCULINO,3859
2014,Julio,nuevas,FEMENINO,1688
2014,Julio,renovadas,MASCULINO,21051
2014,Julio,renovadas,FEMENINO,7813
2014,Agosto,nuevas,MASCULINO,3535
2014,Agosto,nuevas,FEMENINO,1703
2014,Agosto,renovadas,MASCULINO,20241
2014,Agosto,renovadas,FEMENINO,7569
2014,Septiembre,nuevas,MASCULINO,3770
2014,Septiembre,nuevas,FEMENINO,1758
2014,Septiembre,renovadas,MASCULINO,23933
2014,Septiembre,renovadas,FEMENINO,9195
2014,Octubre,nuevas,MASCULINO,3833
2014,Octubre,nuevas,FEMENINO,1599
2014,Octubre,renovadas,MASCULINO,24019
2014,Octubre,renovadas,FEMENINO,9442
2014,Noviembre,nuevas,MASCULINO,3675
2014,Noviembre,nuevas,FEMENINO,1598
2014,Noviembre,renovadas,MASCULINO,22649
2014,Noviembre,renovadas,FEMENINO,9030
2014,Diciembre,nuevas,MASCULINO,3959
2014,Diciembre,nuevas,FEMENINO,1896
2014,Diciembre,renovadas,MASCULINO,24485
2014,Diciembre,renovadas,FEMENINO,9582
2015,Enero,nuevas,MASCULINO,3554
2015,Enero,nuevas,FEMENINO,1682
2015,Enero,renovadas,MASCULINO,24317
2015,Enero,renovadas,FEMENINO,9147
2015,Febrero,nuevas,MASCULINO,3347
2015,Febrero,nuevas,FEMENINO,1736
2015,Febrero,renovadas,MASCULINO,19201
2015,Febrero,renovadas,FEMENINO,7755
2015,Marzo,nuevas,MASCULINO,3655
2015,Marzo,nuevas,FEMENINO,1916
2015,Marzo,renovadas,MASCULINO,21295
2015,Marzo,renovadas,FEMENINO,8464
2015,Abril,nuevas,MASCULINO,3737
2015,Abril,nuevas,FEMENINO,1944
2015,Abril,renovadas,MASCULINO,24355
2015,Abril,renovadas,FEMENINO,9466
2015,Mayo,nuevas,MASCULINO,3356
2015,Mayo,nuevas,FEMENINO,1703
2015,Mayo,renovadas,MASCULINO,22083
2015,Mayo,renovadas,FEMENINO,8935
2015,Junio,nuevas,MASCULINO,3577
2015,Junio,nuevas,FEMENINO,1798
2015,Junio,renovadas,MASCULINO,24802
2015,Junio,renovadas,FEMENINO,9724
2015,Julio,nuevas,MASCULINO,3670
2015,Julio,nuevas,FEMENINO,1963
2015,Julio,renovadas,MASCULINO,26114
2015,Julio,renovadas,FEMENINO,10522
2015,Agosto,nuevas,MASCULINO,3526
2015,Agosto,nuevas,FEMENINO,1839
2015,Agosto,renovadas,MASCULINO,23004
2015,Agosto,renovadas,FEMENINO,9179
2015,Septiembre,nuevas,MASCULINO,3956
2015,Septiembre,nuevas,FEMENINO,1914
2015,Septiembre,renovadas,MASCULINO,25063
2015,Septiembre,renovadas,FEMENINO,9608
2015,Octubre,nuevas,MASCULINO,3459
2015,Octubre,nuevas,FEMENINO,1688
2015,Octubre,renovadas,MASCULINO,24052
2015,Octubre,renovadas,FEMENINO,8830
2015,Noviembre,nuevas,MASCULINO,3077
2015,Noviembre,nuevas,FEMENINO,1564
2015,Noviembre,renovadas,MASCULINO,22425
2015,Noviembre,renovadas,FEMENINO,8399
2015,Diciembre,nuevas,MASCULINO,3086
2015,Diciembre,nuevas,FEMENINO,1570
2015,Diciembre,renovadas,MASCULINO,21953
2015,Diciembre,renovadas,FEMENINO,8683
2016,Enero,nuevas,MASCULINO,2906
2016,Enero,nuevas,FEMENINO,1413
2016,Enero,renovadas,MASCULINO,24429
2016,Enero,renovadas,FEMENINO,9543
2016,Febrero,nuevas,MASCULINO,2635
2016,Febrero,nuevas,FEMENINO,1395
2016,Febrero,renovadas,MASCULINO,20924
2016,Febrero,renovadas,FEMENINO,8482
2016,Marzo,nuevas,MASCULINO,3170
2016,Marzo,nuevas,FEMENINO,1739
2016,Marzo,renovadas,MASCULINO,22977
2016,Marzo,renovadas,FEMENINO,9305
2016,Abril,nuevas,MASCULINO,3080
2016,Abril,nuevas,FEMENINO,1685
2016,Abril,renovadas,MASCULINO,20710
2016,Abril,renovadas,FEMENINO,8251
2016,Mayo,nuevas,MASCULINO,3425
2016,Mayo,nuevas,FEMENINO,1920
2016,Mayo,renovadas,MASCULINO,21500
2016,Mayo,renovadas,FEMENINO,8291
2016,Junio,nuevas,MASCULINO,3518
2016,Junio,nuevas,FEMENINO,1855
2016,Junio,renovadas,MASCULINO,21134
2016,Junio,renovadas,FEMENINO,7965
2016,Julio,nuevas,MASCULINO,3319
2016,Julio,nuevas,FEMENINO,1767
2016,Julio,renovadas,MASCULINO,21310
2016,Julio,renovadas,FEMENINO,8367
2016,Agosto,nuevas,MASCULINO,3411
2016,Agosto,nuevas,FEMENINO,1843
2016,Agosto,renovadas,MASCULINO,22119
2016,Agosto,renovadas,FEMENINO,8610
2016,Septiembre,nuevas,MASCULINO,3315
2016,Septiembre,nuevas,FEMENINO,1674
2016,Septiembre,renovadas,MASCULINO,23021
2016,Septiembre,renovadas,FEMENINO,9065
2016,Octubre,nuevas,MASCULINO,2995
2016,Octubre,nuevas,FEMENINO,1515
2016,Octubre,renovadas,MASCULINO,21626
2016,Octubre,renovadas,FEMENINO,8243
2016,Noviembre,nuevas,MASCULINO,3270
2016,Noviembre,nuevas,FEMENINO,1484
2016,Noviembre,renovadas,MASCULINO,23504
2016,Noviembre,renovadas,FEMENINO,9474
2016,Diciembre,nuevas,MASCULINO,2932
2016,Diciembre,nuevas,FEMENINO,1551
2016,Diciembre,renovadas,MASCULINO,22447
2016,Diciembre,renovadas,FEMENINO,9311
2017,Enero,nuevas,MASCULINO,2638
2017,Enero,nuevas,FEMENINO,1357
2017,Enero,renovadas,MASCULINO,22453
2017,Enero,renovadas,FEMENINO,9195
2017,Febrero,nuevas,MASCULINO,1994
2017,Febrero,nuevas,FEMENINO,1124
2017,Febrero,renovadas,MASCULINO,16885
2017,Febrero,renovadas,FEMENINO,7201
2017,Marzo,nuevas,MASCULINO,1673
2017,Marzo,nuevas,FEMENINO,1030
2017,Marzo,renovadas,MASCULINO,18461
2017,Marzo,renovadas,FEMENINO,8266
2017,Abril,nuevas,MASCULINO,2007
2017,Abril,nuevas,FEMENINO,1316
2017,Abril,renovadas,MASCULINO,19812
2017,Abril,renovadas,FEMENINO,7644
2017,Mayo,nuevas,MASCULINO,2303
2017,Mayo,nuevas,FEMENINO,1504
2017,Mayo,renovadas,MASCULINO,22236
2017,Mayo,renovadas,FEMENINO,9061
2017,Junio,nuevas,MASCULINO,2249
2017,Junio,nuevas,FEMENINO,1374
2017,Junio,renovadas,MASCULINO,22270
2017,Junio,renovadas,FEMENINO,8887
2017,Julio,nuevas,MASCULINO,2202
2017,Julio,nuevas,FEMENINO,1418
2017,Julio,renovadas,MASCULINO,22588
2017,Julio,renovadas,FEMENINO,9158
2017,Agosto,nuevas,MASCULINO,2623
2017,Agosto,nuevas,FEMENINO,1509
2017,Agosto,renovadas,MASCULINO,24416
2017,Agosto,renovadas,FEMENINO,9827
2017,Septiembre,nuevas,MASCULINO,2689
2017,Septiembre,nuevas,FEMENINO,1492
2017,Septiembre,renovadas,MASCULINO,23353
2017,Septiembre,renovadas,FEMENINO,9492
2017,Octubre,nuevas,MASCULINO,2863
2017,Octubre,nuevas,FEMENINO,1549
2017,Octubre,renovadas,MASCULINO,24517
2017,Octubre,renovadas,FEMENINO,9660
2017,Noviembre,nuevas,MASCULINO,3056
2017,Noviembre,nuevas,FEMENINO,1601
2017,Noviembre,renovadas,MASCULINO,25826
2017,Noviembre,renovadas,FEMENINO,10036
2017,Diciembre,nuevas,MASCULINO,2834
2017,Diciembre,nuevas,FEMENINO,1645
2017,Diciembre,renovadas,MASCULINO,24818
2017,Diciembre,renovadas,FEMENINO,9608
2018,Enero,nuevas,MASCULINO,3065
2018,Enero,nuevas,FEMENINO,1669
2018,Enero,renovadas,MASCULINO,27185
2018,Enero,renovadas,FEMENINO,10919
2018,Febrero,nuevas,MASCULINO,2506
2018,Febrero,nuevas,FEMENINO,1413
2018,Febrero,renovadas,MASCULINO,20446
2018,Febrero,renovadas,FEMENINO,8546
2018,Marzo,nuevas,MASCULINO,2867
2018,Marzo,nuevas,FEMENINO,1651
2018,Marzo,renovadas,MASCULINO,23816
2018,Marzo,renovadas,FEMENINO,9278
2018,Abril,nuevas,MASCULINO,2713
2018,Abril,nuevas,FEMENINO,1698
2018,Abril,renovadas,MASCULINO,23105
2018,Abril,renovadas,FEMENINO,8935
2018,Mayo,nuevas,MASCULINO,3056
2018,Mayo,nuevas,FEMENINO,1744
2018,Mayo,renovadas,MASCULINO,24619
2018,Mayo,renovadas,FEMENINO,9686
2018,Junio,nuevas,MASCULINO,3345
2018,Junio,nuevas,FEMENINO,1699
2018,Junio,renovadas,MASCULINO,22674
2018,Junio,renovadas,FEMENINO,9112
2018,Julio,nuevas,MASCULINO,3239
2018,Julio,nuevas,FEMENINO,1686
2018,Julio,renovadas,MASCULINO,25058
2018,Julio,renovadas,FEMENINO,10130
2018,Agosto,nuevas,MASCULINO,3801
2018,Agosto,nuevas,FEMENINO,1925
2018,Agosto,renovadas,MASCULINO,26012
2018,Agosto,renovadas,FEMENINO,10209
2018,Septiembre,nuevas,MASCULINO,3319
2018,Septiembre,nuevas,FEMENINO,1582
2018,Septiembre,renovadas,MASCULINO,22989
2018,Septiembre,renovadas,FEMENINO,8873
2018,Octubre,nuevas,MASCULINO,3353
2018,Octubre,nuevas,FEMENINO,1750
2018,Octubre,renovadas,MASCULINO,25931
2018,Octubre,renovadas,FEMENINO,9928
2018,Noviembre,nuevas,MASCULINO,2582
2018,Noviembre,nuevas,FEMENINO,1456
2018,Noviembre,renovadas,MASCULINO,22357
2018,Noviembre,renovadas,FEMENINO,9254
2018,Diciembre,nuevas,MASCULINO,2816
2018,Diciembre,nuevas,FEMENINO,1600
2018,Diciembre,renovadas,MASCULINO,24137
2018,Diciembre,renovadas,FEMENINO,9568
2019,Enero,nuevas,MASCULINO,2686
2019,Enero,nuevas,FEMENINO,1365
2019,Enero,renovadas,MASCULINO,28219
2019,Enero,renovadas,FEMENINO,11270
2019,Febrero,nuevas,MASCULINO,2796
2019,Febrero,nuevas,FEMENINO,1504
2019,Febrero,renovadas,MASCULINO,22109
2019,Febrero,renovadas,FEMENINO,9122
2019,Marzo,nuevas,MASCULINO,2624
2019,Marzo,nuevas,FEMENINO,1519
2019,Marzo,renovadas,MASCULINO,20956
2019,Marzo,renovadas,FEMENINO,8317
2019,Abril,nuevas,MASCULINO,2730
2019,Abril,nuevas,FEMENINO,1581
2019,Abril,renovadas,MASCULINO,21833
2019,Abril,renovadas,FEMENINO,8609
2019,Mayo,nuevas,MASCULINO,2985
2019,Mayo,nuevas,FEMENINO,1604
2019,Mayo,renovadas,MASCULINO,24538
2019,Mayo,renovadas,FEMENINO,9724
2019,Junio,nuevas,MASCULINO,2512
2019,Junio,nuevas,FEMENINO,1508
2019,Junio,renovadas,MASCULINO,20637
2019,Junio,renovadas,FEMENINO,8183
2019,Julio,nuevas,MASCULINO,2544
2019,Julio,nuevas,FEMENINO,1482
2019,Julio,renovadas,MASCULINO,25424
2019,Julio,renovadas,FEMENINO,10184
2019,Agosto,nuevas,MASCULINO,2552
2019,Agosto,nuevas,FEMENINO,1367
2019,Agosto,renovadas,MASCULINO,23243
2019,Agosto,renovadas,FEMENINO,9415
2019,Septiembre,nuevas,MASCULINO,2789
2019,Septiembre,nuevas,FEMENINO,1550
2019,Septiembre,renovadas,MASCULINO,26267
2019,Septiembre,renovadas,FEMENINO,10518
2019,Octubre,nuevas,MASCULINO,2619
2019,Octubre,nuevas,FEMENINO,1543
2019,Octubre,renovadas,MASCULINO,26967
2019,Octubre,renovadas,FEMENINO,10784
2019,Noviembre,nuevas,MASCULINO,2500
2019,Noviembre,nuevas,FEMENINO,1349
2019,Noviembre,renovadas,MASCULINO,26024
2019,Noviembre,renovadas,FEMENINO,10454
2019,Diciembre,nuevas,MASCULINO,2548
2019,Diciembre,nuevas,FEMENINO,1514
2019,Diciembre,renovadas,MASCULINO,25312
2019,Diciembre,renovadas,FEMENINO,9943
2020,Enero,nuevas,MASCULINO,2537
2020,Enero,nuevas,FEMENINO,1331
2020,Enero,renovadas,MASCULINO,28417
2020,Enero,renovadas,FEMENINO,11606
2020,Febrero,nuevas,MASCULINO,1963
2020,Febrero,nuevas,FEMENINO,1189
2020,Febrero,renovadas,MASCULINO,18098
2020,Febrero,renovadas,FEMENINO,8868
2020,Marzo,nuevas,MASCULINO,1084
2020,Marzo,nuevas,FEMENINO,679
2020,Marzo,renovadas,MASCULINO,10815
2020,Marzo,renovadas,FEMENINO,4866
2020,Abril,nuevas,MASCULINO,0
2020,Abril,nuevas,FEMENINO,0
2020,Abril,renovadas,MASCULINO,0
2020,Abril,renovadas,FEMENINO,0
2020,Mayo,nuevas,MASCULINO,0
2020,Mayo,nuevas,FEMENINO,0
2020,Mayo,renovadas,MASCULINO,0
2020,Mayo,renovadas,FEMENINO,0
2020,Junio,nuevas,MASCULINO,0
2020,Junio,nuevas,FEMENINO,0
2020,Junio,renovadas,MASCULINO,0
2020,Junio,renovadas,FEMENINO,0
2020,Julio,nuevas,MASCULINO,1
2020,Julio,nuevas,FEMENINO,0
2020,Julio,renovadas,MASCULINO,11
2020,Julio,renovadas,FEMENINO,4
2020,Agosto,nuevas,MASCULINO,0
2020,Agosto,nuevas,FEMENINO,0
2020,Agosto,renovadas,MASCULINO,222
2020,Agosto,renovadas,FEMENINO,129
2020,Septiembre,nuevas,MASCULINO,0
2020,Septiembre,nuevas,FEMENINO,1
2020,Septiembre,renovadas,MASCULINO,340
2020,Septiembre,renovadas,FEMENINO,271
2020,Octubre,nuevas,MASCULINO,114
2020,Octubre,nuevas,FEMENINO,42
2020,Octubre,renovadas,MASCULINO,634
2020,Octubre,renovadas,FEMENINO,375
2020,Noviembre,nuevas,MASCULINO,1001
2020,Noviembre,nuevas,FEMENINO,426
2020,Noviembre,renovadas,MASCULINO,1102
2020,Noviembre,renovadas,FEMENINO,554
2020,Diciembre,nuevas,MASCULINO,1818
2020,Diciembre,nuevas,FEMENINO,1001
2020,Diciembre,renovadas,MASCULINO,1342
2020,Diciembre,renovadas,FEMENINO,583
2021,Enero,nuevas,MASCULINO,2163
2021,Enero,nuevas,FEMENINO,1216
2021,Enero,renovadas,MASCULINO,1464
2021,Enero,renovadas,FEMENINO,688
2021,Febrero,nuevas,MASCULINO,2503
2021,Febrero,nuevas,FEMENINO,1731
2021,Febrero,renovadas,MASCULINO,1264
2021,Febrero,renovadas,FEMENINO,672
2021,Marzo,nuevas,MASCULINO,3947
2021,Marzo,nuevas,FEMENINO,2698
2021,Marzo,renovadas,MASCULINO,1178
2021,Marzo,renovadas,FEMENINO,541
2021,Abril,nuevas,MASCULINO,3737
2021,Abril,nuevas,FEMENINO,2547
2021,Abril,renovadas,MASCULINO,1080
2021,Abril,renovadas,FEMENINO,424
2021,Mayo,nuevas,MASCULINO,2515
2021,Mayo,nuevas,FEMENINO,1724
2021,Mayo,renovadas,MASCULINO,530
2021,Mayo,renovadas,FEMENINO,159
2021,Junio,nuevas,MASCULINO,3861
2021,Junio,nuevas,FEMENINO,2718
2021,Junio,renovadas,MASCULINO,1197
2021,Junio,renovadas,FEMENINO,462
2021,Julio,nuevas,MASCULINO,3517
2021,Julio,nuevas,FEMENINO,2338
2021,Julio,renovadas,MASCULINO,1018
2021,Julio,renovadas,FEMENINO,396
2021,Agosto,nuevas,MASCULINO,3338
2021,Agosto,nuevas,FEMENINO,1997
2021,Agosto,renovadas,MASCULINO,896
2021,Agosto,renovadas,FEMENINO,318
2021,Septiembre,nuevas,MASCULINO,2768
2021,Septiembre,nuevas,FEMENINO,1775
2021,Septiembre,renovadas,MASCULINO,920
2021,Septiembre,renovadas,FEMENINO,328
2021,Octubre,nuevas,MASCULINO,2264
2021,Octubre,nuevas,FEMENINO,1363
2021,Octubre,renovadas,MASCULINO,871
2021,Octubre,renovadas,FEMENINO,323
2021,Noviembre,nuevas,MASCULINO,2492
2021,Noviembre,nuevas,FEMENINO,1631
2021,Noviembre,renovadas,MASCULINO,883
2021,Noviembre,renovadas,FEMENINO,330
2021,Diciembre,nuevas,MASCULINO,2368
2021,Diciembre,nuevas,FEMENINO,1733
2021,Diciembre,renovadas,MASCULINO,945
2021,Diciembre,renovadas,FEMENINO,379
2022,Enero,nuevas,MASCULINO,2176
2022,Enero,nuevas,FEMENINO,1230
2022,Enero,renovadas,MASCULINO,993
2022,Enero,renovadas,FEMENINO,395
2022,Febrero,nuevas,MASCULINO,1991
2022,Febrero,nuevas,FEMENINO,1290
2022,Febrero,renovadas,MASCULINO,1359
2022,Febrero,renovadas,FEMENINO,644
2022,Marzo,nuevas,MASCULINO,1895
2022,Marzo,nuevas,FEMENINO,1400
2022,Marzo,renovadas,MASCULINO,2653
2022,Marzo,renovadas,FEMENINO,1206
2022,Abril,nuevas,MASCULINO,1769
2022,Abril,nuevas,FEMENINO,1410
2022,Abril,renovadas,MASCULINO,7918
2022,Abril,renovadas,FEMENINO,3376
2022,Mayo,nuevas,MASCULINO,1799
2022,Mayo,nuevas,FEMENINO,1344
2022,Mayo,renovadas,MASCULINO,11584
2022,Mayo,renovadas,FEMENINO,5109
2022,Junio,nuevas,MASCULINO,2003
2022,Junio,nuevas,FEMENINO,1625
2022,Junio,renovadas,MASCULINO,14939
2022,Junio,renovadas,FEMENINO,6901
2022,Julio,nuevas,MASCULINO,1960
2022,Julio,nuevas,FEMENINO,1626
2022,Julio,renovadas,MASCULINO,17526
2022,Julio,renovadas,FEMENINO,7866
2022,Agosto,nuevas,MASCULINO,1938
2022,Agosto,nuevas,FEMENINO,1661
2022,Agosto,renovadas,MASCULINO,24286
2022,Agosto,renovadas,FEMENINO,11243
2022,Septiembre,nuevas,MASCULINO,2111
2022,Septiembre,nuevas,FEMENINO,1672
2022,Septiembre,renovadas,MASCULINO,26479
2022,Septiembre,renovadas,FEMENINO,12052
2022,Octubre,nuevas,MASCULINO,2568
2022,Octubre,nuevas,FEMENINO,1969
2022,Octubre,renovadas,MASCULINO,22589
2022,Octubre,renovadas,FEMENINO,10373
2022,Noviembre,nuevas,MASCULINO,2151
2022,Noviembre,nuevas,FEMENINO,1534
2022,Noviembre,renovadas,MASCULINO,24441
2022,Noviembre,renovadas,FEMENINO,11195
2022,Diciembre,nuevas,MASCULINO,1789
2022,Diciembre,nuevas,FEMENINO,1408
2022,Diciembre,renovadas,MASCULINO,21738
2022,Diciembre,renovadas,FEMENINO,10194
2023,Enero,nuevas,MASCULINO,1810
2023,Enero,nuevas,FEMENINO,1196
2023,Enero,renovadas,MASCULINO,26218
2023,Enero,renovadas,FEMENINO,11877
2023,Febrero,nuevas,MASCULINO,1682
2023,Febrero,nuevas,FEMENINO,1131
2023,Febrero,renovadas,MASCULINO,18486
2023,Febrero,renovadas,FEMENINO,9089
2023,Marzo,nuevas,MASCULINO,1999
2023,Marzo,nuevas,FEMENINO,1429
2023,Marzo,renovadas,MASCULINO,21350
2023,Marzo,renovadas,FEMENINO,11054
2023,Abril,nuevas,MASCULINO,1818
2023,Abril,nuevas,FEMENINO,1338
2023,Abril,renovadas,MASCULINO,18959
2023,Abril,renovadas,FEMENINO,9327
2023,Mayo,nuevas,MASCULINO,2092
2023,Mayo,nuevas,FEMENINO,1533
2023,Mayo,renovadas,MASCULINO,20291
2023,Mayo,renovadas,FEMENINO,9669
2023,Junio,nuevas,MASCULINO,2427
2023,Junio,nuevas,FEMENINO,1679
2023,Junio,renovadas,MASCULINO,20240
2023,Junio,renovadas,FEMENINO,10099
2023,Julio,nuevas,MASCULINO,2416
2023,Julio,nuevas,FEMENINO,1668
2023,Julio,renovadas,MASCULINO,21883
2023,Julio,renovadas,FEMENINO,10761
2023,Agosto,nuevas,MASCULINO,2292
2023,Agosto,nuevas,FEMENINO,1692
2023,Agosto,renovadas,MASCULINO,22008
2023,Agosto,renovadas,FEMENINO,10483
2023,Septiembre,nuevas,MASCULINO,2248
2023,Septiembre,nuevas,FEMENINO,1589
2023,Septiembre,renovadas,MASCULINO,22218
2023,Septiembre,renovadas,FEMENINO,10310
2023,Octubre,nuevas,MASCULINO,2195
2023,Octubre,nuevas,FEMENINO,1611
2023,Octubre,renovadas,MASCULINO,21926
2023,Octubre,renovadas,FEMENINO,10398
