id_victima,fecha_hora,calle_cruce,rol_victima,sexo_tipo_calle
0,2016-01-01 04:00:00,PIEDRA BUENA AV.,MOTO,AVENIDA
1,2016-01-02 01:15:00,"PAZ, GRAL. AV.",AUTO,AUTOPISTA
2,2016-01-03 07:00:00,ENTRE RIOS AV.,MOTO,AVENIDA
3,2016-01-10 00:00:00,LARRAZABAL AV.,MOTO,AVENIDA
4,2016-01-21 05:20:00,SAN JUAN AV.,MOTO,AVENIDA
5,2016-01-24 18:30:00,27 DE FEBRERO AV.,MOTO,AVENIDA
6,2016-01-24 19:10:00,NOGOYA,MOTO,CALLE
7,2016-01-29 15:20:00,"PAZ, GRAL. AV.",MOTO,AUTOPISTA
8,2016-02-08 01:20:00,BELGRANO AV.,MOTO,AVENIDA
9,2016-02-10 11:30:00,ENTRE RIOS AV.,PEATON,AVENIDA
10,2016-02-14 05:14:00,"SCALABRINI ORTIZ, RAUL AV.",PEATON,AVENIDA
11,2016-02-14 22:00:00,REGIMIENTO DE PATRICIOS AV.,MOTO,AVENIDA
12,2016-02-15 16:54:00,"ACOSTA, MARIANO",PEATON,AVENIDA
13,2016-02-17 09:30:00,"DE LA TORRE, LISANDRO",PEATON,CALLE
14,2016-02-17 16:00:00,SUIPACHA,PEATON,CALLE
15,2016-02-17 23:35:00,DIRECTORIO AV.,AUTO,AVENIDA
16,2016-02-21 06:00:00,9 DE JULIO AV.,MOTO,AVENIDA
17,2016-02-28 04:50:00,"PAZ, GRAL. AV.",AUTO,AUTOPISTA
18,2016-02-28 07:30:00,HOLMBERG,AUTO,CALLE
19,2016-02-28 09:35:00,CURAPALIGUE AV.,AUTO,AVENIDA
20,2016-03-02 10:00:00,VIAMONTE,PEATON,AVENIDA
21,2016-03-04 17:30:00,CABILDO AV.,PEATON,AVENIDA
22,2016-03-08 12:30:00,"PAZ, GRAL. AV.",MOTO,AUTOPISTA
23,2016-03-12 12:30:00,"ALCORTA, AMANCIO AV.",PEATON,AVENIDA
24,2016-03-13 06:00:00,CORRIENTES AV.,MOTO,AVENIDA
25,2016-03-14 00:15:00,HERRERA,MOTO,CALLE
26,2016-03-19 11:00:00,LAFUENTE AV.,MOTO,AVENIDA
27,2016-03-21 08:06:00,"PAZ, GRAL. AV.",PEATON,AUTOPISTA
28,2016-03-23 01:50:00,"MITRE, BARTOLOME",MOTO,AVENIDA
29,2016-03-29 11:00:00,DIRECTORIO AV.,MOTO,AVENIDA
30,2016-03-29 11:00:00,DIRECTORIO AV.,MOTO,AVENIDA
31,2016-03-30 18:15:00,"DELLEPIANE, LUIS, TTE. GRAL.",PEATON,AVENIDA
32,2016-03-31 19:40:00,"MORENO, JOSE MARIA AV.",MOTO,AVENIDA
33,2016-04-11 10:25:00,"PAZ, GRAL. AV.",MOTO,AUTOPISTA
34,2016-04-15 05:30:00,LIMA,PEATON,CALLE
35,2016-04-15 17:40:00,CORRIENTES AV.,PEATON,AVENIDA
36,2016-04-17 00:00:00,AUTOPISTA 1 SUR PRESIDENTE ARTURO FRONDIZI,SD,AUTOPISTA
37,2016-04-19 09:50:00,"GORDILLO, TIMOTEO",PEATON,AVENIDA
38,2016-04-20 04:00:00,"ALCORTA, AMANCIO AV.",MOTO,AVENIDA
39,2016-04-20 20:00:00,"LUGONES, LEOPOLDO AV.",MOTO,AUTOPISTA
40,2016-04-22 09:30:00,TRIUNVIRATO AV.,PEATON,AVENIDA
41,2016-04-23 21:00:00,AUTOPISTA DELLEPIANE LUIS TTE. GRAL.,MOTO,AUTOPISTA
42,2016-04-25 20:30:00,"CASTILLA, RAMON, MARISCAL",PEATON,AVENIDA
43,2016-04-26 04:45:00,"CAMPOS, LUIS M. AV.",MOTO,AVENIDA
44,2016-05-04 14:00:00,LIMA,PEATON,CALLE
45,2016-05-08 16:30:00,CIUDADELA,PEATON,CALLE
46,2016-05-14 18:11:00,"JUSTO, JUAN B. AV.",PEATON,AVENIDA
47,2016-05-20 14:40:00,GAONA AV.,PEATON,AVENIDA
48,2016-05-21 17:00:00,"DE LA TORRE, LISANDRO",MOTO,AVENIDA
49,2016-05-22 22:00:00,"FIGUEROA ALCORTA, PRES. AV.",MOTO,AVENIDA
50,2016-05-23 03:30:00,ENTRE RIOS AV.,AUTO,AVENIDA
51,2016-06-11 15:00:00,"MAGARIÑOS CERVANTES, A.",MOTO,CALLE
52,2016-06-12 06:40:00,"PAZ, GRAL. AV.",AUTO,AUTOPISTA
53,2016-06-12 23:13:00,AUTOPISTA DELLEPIANE LUIS TTE. GRAL.,PEATON,AUTOPISTA
54,2016-06-13 16:20:00,SAN MARTIN AV.,PEATON,AVENIDA
55,2016-06-13 21:52:00,"PERON, JUAN DOMINGO, TTE. GENERAL",PEATON,AVENIDA
56,2016-06-13 23:01:00,BELGRANO AV.,MOTO,AVENIDA
57,2016-06-16 17:13:00,DEL LIBERTADOR AV.,AUTO,AVENIDA
58,2016-06-18 06:42:00,"PAZ, GRAL. AV.",AUTO,AUTOPISTA
59,2016-06-22 07:42:00,"LARRALDE, CRISOLOGO AV.",MOTO,AVENIDA
60,2016-06-27 18:24:00,LA PLATA AV.,PEATON,AVENIDA
61,2016-06-28 20:46:00,"ALBERDI, JUAN BAUTISTA AV.",PEATON,AVENIDA
62,2016-06-29 22:00:00,"PELLEGRINI, CARLOS",PEATON,CALLE
63,2016-06-29 22:00:00,"RABANAL, FRANCISCO, INTENDENTE AV.",MOTO,AVENIDA
64,2016-06-30 16:10:00,OLIVERA AV.,PEATON,AVENIDA
65,2016-07-02 00:10:00,AUTOPISTA 1 SUR PRESIDENTE ARTURO FRONDIZI,MOTO,AUTOPISTA
66,2016-07-11 15:30:00,CERETTI,PEATON,CALLE
67,2016-07-14 06:40:00,"LUGONES, LEOPOLDO AV.",PEATON,AUTOPISTA
68,2016-07-14 22:00:00,"SALGUERO, JERONIMO",PEATON,AVENIDA
69,2016-07-15 11:00:00,"PAZ, GRAL. AV.",MOTO,AUTOPISTA
70,2016-07-17 03:30:00,"ALBERDI, JUAN BAUTISTA AV.",AUTO,AVENIDA
71,2016-07-23 06:12:00,MERCEDES,MOTO,AVENIDA
72,2016-07-25 07:00:00,AUTOPISTA DELLEPIANE LUIS TTE. GRAL.,MOTO,AUTOPISTA
73,2016-07-26 18:45:00,SOLIS,PEATON,CALLE
74,2016-07-27 16:08:00,SAN JUAN AV.,MOTO,AVENIDA
75,2016-07-29 16:00:00,MOSCONI GENERAL AV.,CARGAS,AUTOPISTA
76,2016-08-03 23:27:00,"PAZ, GRAL. AV.",MOTO,AUTOPISTA
77,2016-08-07 19:42:00,"PAZ, GRAL. AV.",SD,AUTOPISTA
78,2016-08-10 23:37:00,"PERON, EVA AV.",MOTO,AVENIDA
79,2016-08-14 21:15:00,ZINNY,MOTO,AVENIDA
80,2016-08-17 00:05:00,"LACROZE, FEDERICO AV.",PEATON,AVENIDA
81,2016-08-19 21:02:00,"PELLEGRINI, CARLOS",PEATON,AVENIDA
82,2016-08-20 08:22:00,AUTOPISTA 1 SUR PRESIDENTE ARTURO FRONDIZI,MOTO,AUTOPISTA
83,2016-08-24 05:45:00,AUTOPISTA PERITO MORENO,AUTO,AUTOPISTA
84,2016-08-24 20:21:00,"ALBERDI, JUAN BAUTISTA AV.",PEATON,AVENIDA
85,2016-08-25 09:30:00,LUGONES,MOTO,AUTOPISTA
86,2016-08-27 04:40:00,AUTOPISTA 25 DE MAYO,MOTO,AUTOPISTA
87,2016-08-27 16:45:00,"ALBERDI, JUAN BAUTISTA AV.",PEATON,AVENIDA
88,2016-08-31 11:20:00,"SALGUERO, JERONIMO",BICICLETA,CALLE
89,2016-09-02 11:50:00,ARIAS,SD,CALLE
90,2016-09-02 20:20:00,27 DE FEBRERO AV.,MOTO,AVENIDA
91,2016-09-03 15:30:00,DEL LIBERTADOR AV.,AUTO,AVENIDA
92,2016-09-04 03:30:00,AUTOPISTA 1 SUR PRESIDENTE ARTURO FRONDIZI,AUTO,AUTOPISTA
93,2016-09-04 06:40:00,"LARRALDE, CRISOLOGO AV.",SD,AVENIDA
94,2016-09-13 07:10:00,"PERON, EVA AV.",BICICLETA,AVENIDA
95,2016-09-14 09:00:00,ASAMBLEA AV.,MOTO,AVENIDA
96,2016-09-16 15:24:00,RIVADAVIA AV.,PEATON,AVENIDA
97,2016-09-17 12:14:00,AUTOPISTA PERITO MORENO,MOTO,AUTOPISTA
98,2016-09-18 22:45:00,IRIGOYEN,AUTO,CALLE
99,2016-09-18 22:45:00,IRIGOYEN,AUTO,CALLE
100,2016-09-24 10:25:00,"ACOSTA, MARIANO",PEATON,AVENIDA
101,2016-10-02 11:30:00,CASTRO,PEATON,AVENIDA
102,2016-10-04 12:30:00,AUTOPISTA 1 SUR PRESIDENTE ARTURO FRONDIZI,MOTO,AUTOPISTA
103,2016-10-09 19:13:00,MIRAVE,PEATON,CALLE
104,2016-10-10 02:30:00,SAN JUAN AV.,AUTO,AVENIDA
105,2016-10-14 00:05:00,LAS HERAS GENERAL AV.,MOTO,AVENIDA
106,2016-10-23 05:00:00,PIEDRA BUENA AV.,MOTO,AVENIDA
107,2016-10-24 05:00:00,"FIGUEROA ALCORTA, PRES. AV.",PEATON,AVENIDA
108,2016-10-25 00:00:00,AUTOPISTA BUENOS AIRES - LA PLATA,MOTO,AUTOPISTA
109,2016-10-25 00:39:00,SAN MARTIN AV.,MOTO,AVENIDA
110,2016-10-27 20:30:00,CABILDO AV.,BICICLETA,AVENIDA
111,2016-10-28 23:00:00,"FIGUEROA ALCORTA, PRES. AV.",MOTO,AVENIDA
112,2016-10-31 02:58:00,JURAMENTO AV.,PASAJEROS,AVENIDA
113,2016-11-05 23:30:00,DEL LIBERTADOR AV.,MOTO,AVENIDA
114,2016-11-06 04:41:00,27 DE FEBRERO AV.,MOTO,AVENIDA
115,2016-11-07 12:10:00,"BROWN, ALTE. AV.",PEATON,AVENIDA
116,2016-11-07 20:56:00,DEL LIBERTADOR AV.,MOTO,AVENIDA
117,2016-11-09 20:00:00,PICHINCHA AV.,PEATON,AVENIDA
118,2016-11-16 21:15:00,INDEPENDENCIA AV.,MOVIL,AVENIDA
119,2016-11-16 22:20:00,GARMENDIA AV.,MOTO,AVENIDA
120,2016-11-18 18:20:00,"ALCORTA, AMANCIO AV.",CARGAS,AVENIDA
121,2016-11-18 20:35:00,LIMA,PEATON,CALLE
122,2016-11-23 21:10:00,"MORENO, PERITO AV.",MOTO,AVENIDA
123,2016-11-25 15:42:00,ARAOZ,PEATON,AVENIDA
124,2016-11-26 14:14:00,"PAZ, GRAL. AV.",MOTO,AUTOPISTA
125,2016-11-26 16:50:00,MADERO,PEATON,CALLE
126,2016-11-26 19:40:00,INDEPENDENCIA AV.,MOTO,AVENIDA
127,2016-12-03 06:40:00,"JUSTO, JUAN B. AV.",MOTO,AVENIDA
128,2016-12-04 07:21:00,27 DE FEBRERO AV.,AUTO,AVENIDA
129,2016-12-06 05:30:00,AUTOPISTA PERITO MORENO,CARGAS,AUTOPISTA
130,2016-12-06 07:22:00,SANTA FE AV.,PEATON,AVENIDA
131,2016-12-07 05:00:00,"LACROZE, FEDERICO AV.",PEATON,AVENIDA
132,2016-12-10 07:30:00,"PAZ, GRAL. AV.",MOTO,AUTOPISTA
133,2016-12-11 06:16:00,LA PLATA AV.,AUTO,AVENIDA
134,2016-12-12 08:25:00,"GARCIA, MARTIN AV.",BICICLETA,AVENIDA
135,2016-12-13 10:40:00,LA PLATA AV.,MOTO,AVENIDA
136,2016-12-15 15:30:00,NUÑEZ,MOTO,AVENIDA
137,2016-12-19 17:10:00,"PAZ, GRAL. AV.",MOTO,AUTOPISTA
138,2016-12-25 19:00:00,"HUERGO, ING. AV.",MOTO,AUTOPISTA
139,2016-12-26 08:00:00,"GARAY, JUAN DE AV.",MOTO,AVENIDA
140,2016-12-26 19:52:00,DIRECTORIO AV.,MOTO,AVENIDA
141,2016-12-27 00:00:00,AUTOPISTA 25 DE MAYO,SD,AUTOPISTA
142,2016-12-27 08:15:00,"FALCON, RAMON L.,CNEL.",PEATON,CALLE
143,2016-12-28 01:41:00,BELGRANO AV.,MOTO,AVENIDA
144,2016-12-29 04:00:00,ARENALES,PEATON,CALLE
145,2016-12-30 16:18:00,REPUBLICA BOLIVARIANA DE VENEZUELA,PEATON,CALLE
146,2017-01-02 01:00:00,"JUSTO, JUAN B. AV.",MOTO,AVENIDA
147,2017-01-05 03:10:00,OLAVARRIA,CARGAS,AVENIDA
148,2017-01-11 17:00:00,LIMA,PEATON,CALLE
149,2017-01-16 00:40:00,"CABRERA, JOSE A.",MOTO,CALLE
150,2017-01-16 13:56:00,AUTOPISTA 25 DE MAYO,MOTO,AUTOPISTA
151,2017-01-16 16:30:00,DIRECTORIO AV.,MOTO,AVENIDA
152,2017-01-22 02:30:00,"PAZ, GRAL. AV.",MOTO,AUTOPISTA
153,2017-01-24 14:00:00,TRAFUL,MOTO,CALLE
154,2017-01-27 07:00:00,"IRIARTE, GRAL. AV.",PEATON,AVENIDA
155,2017-01-28 08:27:34,DONADO,MOTO,AVENIDA
156,2017-02-02 15:18:03,CORDOBA AV.,PEATON,AVENIDA
157,2017-02-03 05:12:21,AUTOPISTA 25 DE MAYO,MOTO,AUTOPISTA
158,2017-02-06 08:00:00,"JUSTO, JUAN B. AV.",MOTO,AVENIDA
159,2017-02-09 07:00:00,"PAZ, GRAL. AV.",MOTO,AUTOPISTA
160,2017-02-18 05:30:00,SARMIENTO,MOTO,CALLE
161,2017-02-23 20:50:00,RIVADAVIA AV.,PEATON,AVENIDA
162,2017-02-24 17:05:00,"FERNANDEZ DE LA CRUZ, F., GRAL. AV.",MOTO,AVENIDA
163,2017-02-26 05:15:00,"MORENO, PERITO AV.",AUTO,AVENIDA
164,2017-02-26 05:15:00,"MORENO, PERITO AV.",AUTO,AVENIDA
165,2017-02-26 21:57:00,CASEROS AV.,PEATON,AVENIDA
166,2017-02-28 09:20:00,GAONA AV.,PEATON,AVENIDA
167,2017-03-07 02:15:00,MOZART,SD,CALLE
168,2017-03-07 08:00:00,MOZART,AUTO,AVENIDA
169,2017-03-11 01:30:00,24 DE NOVIEMBRE,AUTO,CALLE
170,2017-03-12 05:00:00,"PAZ, GRAL. AV.",AUTO,AUTOPISTA
171,2017-03-12 07:30:00,"PAZ, GRAL. AV.",AUTO,AUTOPISTA
172,2017-03-13 07:50:00,GODOY CRUZ,PEATON,CALLE
173,2017-03-23 05:00:00,"ACHAVAL RODRIGUEZ, T., DR. AV.",AUTO,AVENIDA
174,2017-03-23 05:00:00,"ACHAVAL RODRIGUEZ, T., DR. AV.",AUTO,AVENIDA
175,2017-03-23 05:00:00,"ACHAVAL RODRIGUEZ, T., DR. AV.",AUTO,AVENIDA
176,2017-03-29 18:00:00,"PAZ, GRAL. AV.",MOTO,AUTOPISTA
177,2017-03-29 18:00:00,"PAZ, GRAL. AV.",MOTO,AUTOPISTA
178,2017-03-31 03:00:00,INDEPENDENCIA AV.,MOTO,AVENIDA
179,2017-04-01 19:00:00,CASTAÑARES AV.,MOTO,AVENIDA
180,2017-04-03 09:40:00,"GUIRALDES, INT.",AUTO,AVENIDA
181,2017-04-03 23:15:00,"FERNANDEZ MORENO, BALDOMERO",MOTO,CALLE
182,2017-04-10 09:00:00,"LUGONES, LEOPOLDO AV.",MOTO,AUTOPISTA
183,2017-04-14 06:15:00,NOGOYA,MOTO,CALLE
184,2017-04-23 06:30:00,ARGENTINA AV.,MOTO,AVENIDA
185,2017-04-27 18:16:00,"FERNANDEZ DE LA CRUZ, F., GRAL. AV.",PEATON,AVENIDA
186,2017-04-28 11:08:08,AUTOPISTA PERITO MORENO,MOTO,AUTOPISTA
187,2017-04-28 11:08:08,AUTOPISTA PERITO MORENO,MOTO,AUTOPISTA
188,2017-05-01 03:47:47,AUTOPISTA DELLEPIANE LUIS TTE. GRAL.,AUTO,AUTOPISTA
189,2017-05-05 03:40:00,"PAZ, GRAL. AV.",PEATON,AUTOPISTA
190,2017-05-05 20:16:22,VIEYTES,MOTO,CALLE
191,2017-05-07 21:00:00,DE LOS CONSTITUYENTES AV.,MOTO,AVENIDA
192,2017-05-09 08:30:00,DE LOS CONSTITUYENTES AV.,AUTO,AVENIDA
193,2017-05-09 23:10:00,CORDOBA AV.,PEATON,AVENIDA
194,2017-05-11 09:24:00,BRASIL,PEATON,CALLE
195,2017-05-13 07:20:00,ESCALADA AV.,MOTO,AVENIDA
196,2017-05-15 13:29:30,PARAGUAY,PEATON,AVENIDA
197,2017-05-15 16:00:00,"JUSTO, JUAN B. AV.",MOTO,AVENIDA
198,2017-05-17 10:13:00,CHILE,PEATON,AVENIDA
199,2017-05-20 05:00:00,MAIPU,CARGAS,CALLE
200,2017-05-22 16:00:00,SUAREZ AV.,BICICLETA,AVENIDA
201,2017-05-22 18:10:00,SAN MARTIN AV.,PEATON,AVENIDA
202,2017-05-23 02:45:00,DIRECTORIO AV.,MOTO,AVENIDA
203,2017-05-27 19:50:00,"RABANAL, FRANCISCO, INTENDENTE AV.",MOTO,AVENIDA
204,2017-05-24 14:15:00,"PAZ, GRAL. AV.",MOTO,AUTOPISTA
205,2017-05-30 13:20:00,NUEVA YORK,PEATON,CALLE
206,2017-06-03 23:20:00,DE LOS CONSTITUYENTES AV.,AUTO,AVENIDA
207,2017-06-04 09:00:00,CORRIENTES AV.,MOTO,AVENIDA
208,2017-06-04 12:50:00,CASCO,SD,CALLE
209,2017-06-12 22:38:00,DE MAYO AV.,PEATON,AVENIDA
210,2017-06-13 14:50:00,"CASTILLO, RAMON S., PRES. AV.",PEATON,AVENIDA
211,2017-06-17 23:45:00,FRAY JUSTO SANTAMARIA DE ORO,MOTO,CALLE
212,2017-06-19 16:26:00,MEXICO,MOTO,CALLE
213,2017-06-22 10:15:00,"ALBERDI, JUAN BAUTISTA AV.",PEATON,AVENIDA
214,2017-06-25 22:40:00,ENTRE RIOS AV.,PEATON,AVENIDA
215,2017-07-04 00:25:00,"ALBERDI, JUAN BAUTISTA AV.",MOTO,AVENIDA
216,2017-07-05 12:49:00,DEL LIBERTADOR AV.,PEATON,AVENIDA
217,2017-07-07 14:15:00,TACUARI,PEATON,AVENIDA
218,2017-07-09 07:30:00,RIVADAVIA AV.,PEATON,AVENIDA
219,2017-07-10 10:45:00,24 DE NOVIEMBRE,PEATON,CALLE
220,2017-07-10 22:30:00,PASEO COLON AV.,PEATON,AVENIDA
221,2017-07-13 12:05:00,"LEGUIZAMON, MARTINIANO",SD,CALLE
222,2017-07-15 05:15:00,CHIVILCOY AV.,PEATON,AUTOPISTA
223,2017-07-15 13:00:00,SUPERI,MOTO,AUTOPISTA
224,2017-07-24 22:16:01,AUTOPISTA 25 DE MAYO,PEATON,AUTOPISTA
225,2017-07-25 16:48:40,"LUGONES, LEOPOLDO AV.",PEATON,AUTOPISTA
226,2017-07-27 08:50:00,"HUGO, VICTOR",BICICLETA,CALLE
227,2017-08-06 08:00:00,CORDOBA AV.,MOTO,AVENIDA
228,2017-08-07 19:50:00,CABILDO AV.,PEATON,AVENIDA
229,2017-08-08 12:10:00,"BONIFACIO, JOSE",PEATON,CALLE
230,2017-08-17 19:45:00,"FIGUEROA ALCORTA, PRES. AV.",BICICLETA,AVENIDA
231,2017-08-21 07:45:00,REPUBLICA BOLIVARIANA DE VENEZUELA,MOTO,CALLE
232,2017-08-23 10:00:00,"LACROZE, FEDERICO AV.",PEATON,AVENIDA
233,2017-08-24 01:10:00,"IRIARTE, GRAL. AV.",PEATON,AVENIDA
234,2017-08-25 09:00:00,9 DE JULIO AV.,PEATON,AVENIDA
235,2017-08-31 19:50:00,FRAY JUSTO SANTAMARIA DE ORO,PEATON,CALLE
236,2017-09-01 11:30:00,DEL LIBERTADOR AV.,MOTO,AVENIDA
237,2017-09-02 04:53:08,"PAZ, GRAL. AV.",AUTO,AUTOPISTA
238,2017-09-02 04:53:08,"PAZ, GRAL. AV.",AUTO,AUTOPISTA
239,2017-09-04 21:00:00,DIRECTORIO AV.,MOTO,AVENIDA
240,2017-09-06 14:15:00,LAVALLE,PEATON,AVENIDA
241,2017-09-07 18:23:37,USPALLATA,PEATON,CALLE
242,2017-09-10 09:32:17,AUTOPISTA 25 DE MAYO,AUTO,AUTOPISTA
243,2017-09-10 09:32:17,AUTOPISTA 25 DE MAYO,AUTO,AUTOPISTA
244,2017-09-11 06:30:00,SANTA FE AV.,PEATON,AVENIDA
245,2017-09-15 02:30:00,ALVEAR AV.,AUTO,AVENIDA
246,2017-09-19 18:52:33,PAVON AV.,MOTO,AVENIDA
247,2017-09-20 22:24:00,"PAZ, GRAL. AV.",MOTO,AUTOPISTA
248,2017-09-22 07:02:09,VIEYTES,MOTO,AVENIDA
249,2017-10-02 15:55:33,AUTOPISTA DELLEPIANE LUIS TTE. GRAL.,MOTO,AUTOPISTA
250,2017-10-10 01:05:38,ALBARIÑO,PEATON,AVENIDA
251,2017-10-12 14:40:28,"RAMIREZ DE VELASCO, JUAN",MOTO,CALLE
252,2017-10-13 06:12:20,"FERNANDEZ DE LA CRUZ, F., GRAL. AV.",MOTO,AVENIDA
253,2017-10-14 06:15:00,RIESTRA AV.,AUTO,AVENIDA
254,2017-10-14 06:15:00,RIESTRA AV.,AUTO,AVENIDA
255,2017-10-16 07:45:00,GALLO,MOTO,AVENIDA
256,2017-10-17 12:30:00,"ARANGUREN, JUAN F., DR.",PEATON,CALLE
257,2017-10-26 19:15:15,AUTOPISTA PERITO MORENO,MOTO,AUTOPISTA
258,2017-10-27 05:30:00,CHORROARIN,AUTO,AVENIDA
259,2017-10-30 14:00:00,COSQUIN,MOTO,AVENIDA
260,2017-11-06 18:00:00,"ROCA, CNEL. AV.",PEATON,AVENIDA
261,2017-11-07 12:14:10,WARNES AV.,MOTO,AVENIDA
262,2017-11-16 08:43:00,BARCO CENTENERA DEL,PEATON,AVENIDA
263,2017-11-17 11:45:00,MOSCONI GENERAL AV.,PEATON,AVENIDA
264,2017-11-19 10:30:00,LAFUENTE AV.,MOTO,AVENIDA
265,2017-11-19 22:30:00,"ROCA, CNEL. AV.",AUTO,AVENIDA
266,2017-11-19 23:22:17,AUTOPISTA 1 SUR PRESIDENTE ARTURO FRONDIZI,MOTO,AUTOPISTA
267,2017-11-23 19:45:00,LA PLATA AV.,PEATON,AVENIDA
268,2017-11-25 21:45:00,"TRELLES, MANUEL R.",AUTO,CALLE
269,2017-11-26 06:45:00,"ROCA, CNEL. AV.",AUTO,AUTOPISTA
270,2017-11-26 17:05:00,MAZA,MOTO,CALLE
271,2017-11-28 11:15:00,"PAZ, GRAL. AV.",MOTO,AUTOPISTA
272,2017-11-29 10:45:00,SAN JUAN AV.,PEATON,AVENIDA
273,2017-11-30 12:20:00,PASEO COLON AV.,PEATON,AVENIDA
274,2017-12-04 01:15:00,RIVADAVIA AV.,PEATON,AVENIDA
275,2017-12-04 02:15:00,VIEYTES,PEATON,CALLE
276,2017-12-06 17:30:00,CACHI,BICICLETA,CALLE
277,2017-12-11 02:00:00,ROSARIO,MOTO,AVENIDA
278,2017-12-11 02:00:00,ROSARIO,MOTO,AVENIDA
279,2017-12-11 09:15:00,ENTRE RIOS AV.,PEATON,AVENIDA
280,2017-12-12 21:25:41,RIVADAVIA AV.,SD,AVENIDA
281,2017-12-17 09:02:00,"PAZ, GRAL. AV.",AUTO,AUTOPISTA
282,2017-12-18 21:30:00,GUALEGUAYCHU,MOTO,AUTOPISTA
283,2017-12-20 04:31:27,INDEPENDENCIA AV.,MOTO,AVENIDA
284,2017-12-22 13:15:00,NAZCA AV.,PEATON,AVENIDA
285,2017-12-26 15:30:00,"PERON, EVA AV.",PEATON,AVENIDA
286,2018-01-01 22:50:00,SAN JUAN AV.,PEATON,AVENIDA
287,2018-01-03 16:40:00,PERU,BICICLETA,CALLE
288,2018-01-05 10:12:00,"PUEYRREDON, HONORIO, DR. AV.",PEATON,AVENIDA
289,2018-01-09 09:40:00,DEL LIBERTADOR AV.,MOTO,AVENIDA
290,2018-01-09 22:30:00,PASEO COLON AV.,PEATON,AVENIDA
291,2018-01-10 21:15:00,VALLE,BICICLETA,CALLE
292,2018-01-11 02:30:00,AUTOPISTA PERITO MORENO,AUTO,AUTOPISTA
293,2018-01-12 17:50:00,"HUERGO, ING. AV.",MOTO,AVENIDA
294,2018-01-14 02:00:00,PILCOMAYO,MOTO,AVENIDA
295,2018-01-18 05:10:00,CERVANTES,MOTO,CALLE
296,2018-01-19 10:30:00,CALLAO AV.,PEATON,AVENIDA
297,2018-01-26 13:30:00,OLIDEN,MOTO,CALLE
298,2018-01-28 08:15:00,CONGRESO AV.,MOTO,AVENIDA
299,2018-01-31 20:00:00,"MORENO, PERITO AV.",PEATON,AVENIDA
300,2018-02-06 01:00:00,AUSTRALIA AV.,MOTO,AVENIDA
301,2018-02-06 01:00:00,AUSTRALIA AV.,MOTO,AVENIDA
302,2018-02-15 10:15:00,DEL LIBERTADOR AV.,MOTO,AVENIDA
303,2018-02-17 04:15:00,SAN PEDRITO AV.,PEATON,AVENIDA
304,2018-02-17 07:15:00,ISABEL LA CATOLICA,MOTO,CALLE
305,2018-02-17 12:30:00,LAS HERAS GENERAL AV.,PEATON,AVENIDA
306,2018-02-19 22:00:00,AUTOPISTA PRESIDENTE HECTOR J. CAMPORA,MOTO,AUTOPISTA
307,2018-02-22 10:45:00,"ALCORTA, AMANCIO AV.",PEATON,AVENIDA
308,2018-02-24 00:00:00,"MONTES DE OCA, MANUEL AV.",MOTO,AVENIDA
309,2018-02-24 06:00:00,BARCO CENTENERA DEL,MOTO,CALLE
310,2018-02-28 23:00:00,ALVAREZ THOMAS AV.,PEATON,AVENIDA
311,2018-03-04 22:30:00,AVELLANEDA AV.,PEATON,AVENIDA
312,2018-03-09 04:45:00,"RABANAL, FRANCISCO, INTENDENTE AV.",MOVIL,AVENIDA
313,2018-03-09 04:45:00,"RABANAL, FRANCISCO, INTENDENTE AV.",MOVIL,AVENIDA
314,2018-03-11 23:00:00,CASTRO,PEATON,CALLE
315,2018-03-13 15:45:00,"BILBAO, FRANCISCO AV.",PEATON,AVENIDA
316,2018-03-15 18:00:00,NAZCA AV.,MOTO,AVENIDA
317,2018-03-20 01:30:00,PLAZA,MOTO,AVENIDA
318,2018-03-28 10:15:00,GAONA AV.,MOTO,AVENIDA
319,2018-04-02 13:00:00,CABILDO AV.,PEATON,AVENIDA
320,2018-04-07 07:30:00,CAMARONES,MOTO,AVENIDA
321,2018-04-11 18:15:00,SANTA FE AV.,PEATON,AVENIDA
322,2018-04-12 16:45:00,RIVADAVIA AV.,PEATON,AVENIDA
323,2018-04-13 23:15:00,SAN MARTIN AV.,MOTO,AVENIDA
324,2018-04-18 18:45:00,CORDOBA AV.,PEATON,AVENIDA
325,2018-04-20 17:10:00,RIVADAVIA AV.,PEATON,AVENIDA
326,2018-04-20 17:10:00,RIVADAVIA AV.,PEATON,AVENIDA
327,2018-04-21 22:15:00,"LUGONES, LEOPOLDO AV.",PEATON,AUTOPISTA
328,2018-04-27 11:00:00,"FREIRE, RAMON, CAP. GRAL.",PEATON,CALLE
329,2018-04-27 13:30:00,LA PLATA AV.,PEATON,AVENIDA
330,2018-04-27 18:43:00,BRANDSEN,MOTO,CALLE
331,2018-04-28 06:30:00,"VILARDEBO, TEODORO",MOTO,AVENIDA
332,2018-04-28 09:00:00,ALBERTI,PEATON,AVENIDA
333,2018-04-30 07:00:00,ALVAREZ THOMAS AV.,AUTO,AVENIDA
334,2018-05-02 03:15:00,"PAZ, GRAL. AV.",PEATON,AUTOPISTA
335,2018-05-08 19:00:00,CORRIENTES AV.,PEATON,AVENIDA
336,2018-05-09 10:30:00,RIVADAVIA AV.,PEATON,AVENIDA
337,2018-05-11 19:15:00,QUESADA,PEATON,CALLE
338,2018-05-14 18:45:00,CABILDO AV.,PEATON,AVENIDA
339,2018-05-15 21:15:00,CALIFORNIA,PEATON,CALLE
340,2018-05-18 20:30:00,"CARRIL, SALVADOR MARIA DEL AV.",PEATON,AVENIDA
341,2018-05-20 02:30:00,SAN LUIS,MOTO,CALLE
342,2018-05-22 11:15:00,LUGONES,PEATON,CALLE
343,2018-05-29 07:30:00,INDEPENDENCIA AV.,MOTO,AVENIDA
344,2018-06-02 13:00:00,RIVADAVIA AV.,PEATON,AVENIDA
345,2018-06-03 03:30:00,COMBATE DE LOS POZOS,MOTO,CALLE
346,2018-06-03 06:30:00,CORDOBA AV.,MOTO,AVENIDA
347,2018-06-08 06:20:00,"GARAY, JUAN DE AV.",MOTO,AVENIDA
348,2018-06-08 12:50:00,LAVALLE,PEATON,AVENIDA
349,2018-06-10 11:15:00,ESTADOS UNIDOS,MOTO,CALLE
350,2018-06-14 01:00:00,ROSARIO,PEATON,CALLE
351,2018-06-16 21:15:00,"ALEM, LEANDRO N. AV.",PEATON,AVENIDA
352,2018-06-25 01:15:00,VARELA AV.,AUTO,AVENIDA
353,2018-06-26 17:30:00,"PELLEGRINI, CARLOS",MOTO,CALLE
354,2018-06-28 11:00:00,CORRIENTES AV.,PEATON,AVENIDA
355,2018-06-29 16:15:00,"MONTES DE OCA, MANUEL AV.",PASAJEROS,AVENIDA
356,2018-07-01 09:00:00,CARABOBO AV.,MOTO,AVENIDA
357,2018-07-04 21:45:00,CORDOBA AV.,BICICLETA,AVENIDA
358,2018-07-07 15:45:00,ESTADOS UNIDOS,MOTO,CALLE
359,2018-07-10 17:50:00,MORENO,MOTO,AVENIDA
360,2018-07-11 13:15:00,AUTOPISTA DELLEPIANE LUIS TTE. GRAL.,MOTO,AUTOPISTA
361,2018-07-11 15:45:00,"IRIARTE, GRAL. AV.",PEATON,AVENIDA
362,2018-07-14 06:04:00,"ALBERDI, JUAN BAUTISTA AV.",AUTO,AVENIDA
363,2018-07-15 07:30:00,DEL LIBERTADOR AV.,PEATON,AVENIDA
364,2018-07-16 09:30:00,"CHAVEZ, JORGE",AUTO,CALLE
365,2018-07-16 23:15:00,"URQUIZA, GRAL.",AUTO,CALLE
366,2018-07-21 06:15:00,PARAGUAY,PEATON,CALLE
367,2018-07-23 07:15:00,DE LOS CORRALES AV.,PEATON,AUTOPISTA
368,2018-07-25 22:22:00,"ALBERDI, JUAN BAUTISTA AV.",PEATON,AVENIDA
369,2018-07-29 06:30:00,CASTANARES AV.,PEATON,AVENIDA
370,2018-08-01 15:53:00,LARRAZABAL,MOTO,AVENIDA
371,2018-08-02 05:20:00,"PAZ, GRAL. AV.",MOTO,AUTOPISTA
372,2018-08-03 07:25:00,"MOREAU DE JUSTO, ALICIA AV.",PEATON,AVENIDA
373,2018-08-03 18:16:00,ENTRE RIOS AV.,MOTO,AVENIDA
374,2018-08-03 18:16:00,ENTRE RIOS AV.,MOTO,AVENIDA
375,2018-08-10 21:44:00,DIRECTORIO AV.,PEATON,AVENIDA
376,2018-08-15 19:20:00,PAVON AV.,PEATON,AVENIDA
377,2018-08-17 16:36:00,"PAZ, GRAL. AV.",MOTO,AUTOPISTA
378,2018-08-17 17:56:00,PICHINCHA AV.,PEATON,AVENIDA
379,2018-08-18 10:34:00,27 DE FEBRERO AV.,MOTO,AVENIDA
380,2018-08-19 18:47:00,AUTOPISTA PERITO MORENO,AUTO,AUTOPISTA
381,2018-08-20 08:20:00,CORDOBA AV.,MOTO,AVENIDA
382,2018-08-20 08:41:00,15 DE NOVIEMBRE DE 1889,PEATON,CALLE
383,2018-08-23 05:35:00,"SALGUERO, JERONIMO",MOTO,CALLE
384,2018-08-26 00:59:00,LACARRA AV.,AUTO,AVENIDA
385,2018-08-31 22:20:00,AUTOPISTA PRESIDENTE HÑCTOR J. CÑMPORA,PEATON,AUTOPISTA
386,2018-09-02 10:50:00,VARELA AV.,AUTO,AVENIDA
387,2018-09-09 05:00:00,"PAZ, GRAL. AV.",AUTO,AUTOPISTA
388,2018-09-09 05:00:00,"PAZ, GRAL. AV.",AUTO,AUTOPISTA
389,2018-09-12 14:25:00,RIVADAVIA AV.,PEATON,AVENIDA
390,2018-09-20 10:30:00,"RAWSON DE DELLEPIANE, ELVIRA AV.",MOTO,AVENIDA
391,2018-09-21 00:15:00,"PAZ, GRAL. AV.",AUTO,AUTOPISTA
392,2018-09-21 00:30:00,FAMATINA,MOTO,CALLE
393,2018-09-27 17:51:00,CASTAÑARES AV.,PEATON,AVENIDA
394,2018-10-01 08:58:00,AUTOPISTA 1 SUR PRESIDENTE ARTURO FRONDIZI,MOTO,AUTOPISTA
395,2018-10-03 18:12:00,NAZCA AV.,PEATON,AVENIDA
396,2018-10-04 22:02:00,"FIGUEROA ALCORTA, PRES. AV.",MOTO,AVENIDA
397,2018-10-06 14:20:00,RIVADAVIA AV.,PEATON,AVENIDA
398,2018-10-09 14:00:00,DE LOS ITALIANOS AV.,MOTO,AVENIDA
399,2018-10-10 22:12:00,TUCUMAN,PEATON,AVENIDA
400,2018-10-13 03:05:00,CORRIENTES AV.,PEATON,AVENIDA
401,2018-10-19 12:13:00,AUTOPISTA PERITO MORENO,MOTO,AUTOPISTA
402,2018-10-24 09:18:00,MUÑECAS,MOTO,CALLE
403,2018-10-25 11:00:00,"ARTIGAS, JOSE GERVASIO, GRAL.",MOTO,CALLE
404,2018-10-30 02:15:00,SOLIS,MOTO,AVENIDA
405,2018-10-31 12:30:00,"BOSCH, VENTURA",PEATON,CALLE
406,2018-11-01 10:50:00,"PAZ, GRAL. AV.",PEATON,AUTOPISTA
407,2018-11-04 08:15:00,"PERON, EVA AV.",MOTO,AVENIDA
408,2018-11-05 14:49:00,"PERON, JUAN DOMINGO, TTE. GENERAL",PEATON,AVENIDA
409,2018-11-05 22:35:00,"RABANAL, FRANCISCO, INTENDENTE AV.",PEATON,AVENIDA
410,2018-11-09 13:34:00,MONROE,PEATON,AVENIDA
411,2018-11-09 16:32:00,RIVADAVIA AV.,PEATON,AVENIDA
412,2018-11-12 01:00:00,AUTOPISTA DELLEPIANE LUIS TTE. GRAL.,AUTO,AUTOPISTA
413,2018-11-12 03:32:00,"PAZ, GRAL. AV.",AUTO,AUTOPISTA
414,2018-11-15 19:40:00,AUTOPISTA PERITO MORENO,CARGAS,AUTOPISTA
415,2018-11-16 21:12:00,SAENZ AV.,PEATON,AVENIDA
416,2018-11-18 12:11:00,"PAZ, GRAL. AV.",MOTO,AUTOPISTA
417,2018-11-19 09:14:00,"PAZ, GRAL. AV.",MOTO,AUTOPISTA
418,2018-11-25 04:30:00,"PAZ, GRAL. AV.",AUTO,AUTOPISTA
419,2018-11-25 04:30:00,"PAZ, GRAL. AV.",AUTO,AUTOPISTA
420,2018-11-28 04:01:00,"NEWBERY, JORGE AV.",MOTO,AVENIDA
421,2018-12-03 03:00:00,GAONA AV.,MOTO,AVENIDA
422,2018-12-07 19:10:00,"MADERO, EDUARDO AV.",MOTO,AVENIDA
423,2018-12-12 08:26:00,AUTOPISTA ARTURO ILLIA,PEATON,AUTOPISTA
424,2018-12-12 14:07:00,NAZCA AV.,PEATON,AVENIDA
425,2018-12-12 21:00:00,LA PLATA AV.,PEATON,AVENIDA
426,2018-12-18 14:40:00,BELGRANO AV.,PEATON,AVENIDA
427,2018-12-18 15:42:00,RIVADAVIA AV.,PEATON,AVENIDA
428,2018-12-18 20:15:00,"ALSINA, ADOLFO",MOTO,CALLE
429,2018-12-21 09:30:00,BERMUDEZ,PASAJEROS,CALLE
430,2018-12-22 06:30:00,SANTANDER,MOTO,CALLE
431,2018-12-22 08:05:00,LANTERI JULIETA,AUTO,CALLE
432,2018-12-22 17:40:00,MAZA,PEATON,AVENIDA
433,2018-12-25 13:30:00,"PAZ, GRAL. AV.",CARGAS,AUTOPISTA
434,2018-12-29 05:25:00,OLIVERA AV.,MOTO,AVENIDA
435,2019-01-08 08:30:00,"CASTILLO, RAMON S., PRES. AV.",MOTO,AVENIDA
436,2019-01-09 04:00:00,CASTAÑARES AV.,AUTO,AVENIDA
437,2019-01-12 08:00:00,SAN MARTIN AV.,MOTO,AVENIDA
438,2019-01-14 19:58:00,"PERON, EVA AV.",AUTO,AVENIDA
439,2019-01-19 12:00:00,"JUSTO, JUAN B. AV.",MOTO,AVENIDA
440,2019-01-23 05:45:00,"OBLIGADO RAFAEL, AV.COSTANERA",PEATON,AVENIDA
441,2019-01-26 19:34:00,"MITRE, BARTOLOME",MOTO,CALLE
442,2019-01-30 22:45:00,"PAZ, GRAL. AV.",MOTO,AUTOPISTA
443,2019-01-31 14:55:00,CHACABUCO,MOTO,AVENIDA
444,2019-02-02 07:50:00,DEL LIBERTADOR AV.,PEATON,AVENIDA
445,2019-02-02 07:50:00,DEL LIBERTADOR AV.,PEATON,AVENIDA
446,2019-02-10 01:00:00,"PAZ, GRAL. AV.",PEATON,AUTOPISTA
447,2019-02-17 03:16:00,CASTAÑARES AV.,MOTO,AVENIDA
448,2019-02-20 07:30:00,SALVIGNY,PEATON,CALLE
449,2019-02-20 17:30:00,"LAMARCA, EMILIO",MOTO,CALLE
450,2019-02-23 06:57:00,SAN MARTIN AV.,AUTO,AVENIDA
451,2019-02-24 02:00:00,"CARRILLO, RAMON, DR.",MOTO,CALLE
452,2019-03-03 07:00:00,MEXICO,AUTO,CALLE
453,2019-03-03 23:30:00,"CANTILO, INT.",PEATON,AUTOPISTA
454,2019-03-06 12:00:00,DEL LIBERTADOR AV.,MOTO,AVENIDA
455,2019-03-07 21:01:00,CHICLANA AV.,MOTO,AVENIDA
456,2019-03-15 22:50:00,BOYACA AV.,MOTO,AVENIDA
457,2019-03-15 00:00:00,ENTRE RIOS AV.,AUTO,AVENIDA
458,2019-03-16 08:28:00,"PAZ, GRAL. AV.",AUTO,AUTOPISTA
459,2019-03-19 07:12:00,ANTARTIDA ARGENTINA AV.,MOTO,AVENIDA
460,2019-03-22 13:10:00,"MITRE, BARTOLOME",PEATON,CALLE
461,2019-03-28 07:32:00,"FERNANDEZ DE LA CRUZ, F., GRAL. AV.",PEATON,AVENIDA
462,2019-03-28 11:11:00,SANTA FE AV.,BICICLETA,AVENIDA
463,2019-04-06 09:15:00,"JUSTO, JUAN B. AV.",PEATON,AVENIDA
464,2019-04-07 10:15:00,"FERNANDEZ DE LA CRUZ, F., GRAL. AV.",MOTO,AVENIDA
465,2019-04-09 16:00:00,"ALVAREZ, DONATO, TTE. GRAL.",MOTO,CALLE
466,2019-04-12 19:55:00,CORDOBA AV.,BICICLETA,AVENIDA
467,2019-04-16 11:00:00,CAMARONES,PEATON,AVENIDA
468,2019-04-18 01:00:00,AUTOPISTA 25 DE MAYO,MOTO,AUTOPISTA
469,2019-04-21 09:08:00,"MORENO, PERITO AV.",MOTO,AVENIDA
470,2019-04-23 14:10:00,SUIPACHA,PEATON,CALLE
471,2019-04-26 22:46:00,RIGLOS,MOTO,CALLE
472,2019-05-01 23:10:00,LA RIOJA,MOTO,AVENIDA
473,2019-05-04 14:10:00,"UDAONDO, GUILLERMO AV.",PEATON,AVENIDA
475,2019-05-09 03:05:00,SAN PEDRITO AV.,MOTO,AVENIDA
476,2019-05-09 12:45:00,PUAN,MOTO,CALLE
477,2019-05-11 20:30:00,"ALBERDI, JUAN BAUTISTA AV.",AUTO,AVENIDA
478,2019-05-14 15:00:00,LIMA,PEATON,CALLE
479,2019-05-21 09:00:00,CORDOBA AV.,BICICLETA,AVENIDA
480,2019-05-27 12:45:00,BOEDO AV.,PEATON,AVENIDA
481,2019-06-03 07:27:00,DEL LIBERTADOR AV.,MOTO,AVENIDA
482,2019-06-04 09:00:00,"PAZ, GRAL. AV.",MOTO,AUTOPISTA
483,2019-06-06 10:00:00,CASEROS AV.,PEATON,AVENIDA
484,2019-06-07 07:00:00,AVELLANEDA AV.,MOTO,AVENIDA
485,2019-06-08 09:20:00,CIUDAD DE LA PAZ,PEATON,CALLE
486,2019-06-08 23:35:00,"SALGUERO, JERONIMO",MOTO,AVENIDA
487,2019-06-11 10:00:00,"FILIBERTO, JUAN DE DIOS",MOTO,CALLE
488,2019-06-14 17:20:00,ASTURIAS AV.,AUTO,AVENIDA
489,2019-06-20 03:00:00,GANDARA,MOTO,CALLE
490,2019-06-20 19:45:00,"GUEVARA, TRINIDAD",MOTO,AVENIDA
491,2019-06-29 17:16:00,BOYACA AV.,PEATON,AVENIDA
492,2019-07-05 19:00:00,ARTILLEROS,PEATON,CALLE
493,2019-07-10 09:20:00,AUTOPISTA PERITO MORENO,MOTO,AUTOPISTA
494,2019-07-13 22:35:00,15 DE NOVIEMBRE DE 1889,MOTO,CALLE
495,2019-07-17 11:20:00,"ACOSTA, MARIANO AV.",PEATON,AVENIDA
496,2019-07-17 18:40:00,11 DE SEPTIEMBRE DE 1888,PEATON,CALLE
497,2019-08-01 23:00:00,"PINO, VIRREY DEL",PEATON,AVENIDA
498,2019-08-04 01:30:00,FOREST AV.,MOTO,AVENIDA
499,2019-08-06 03:15:00,BOYACA AV.,MOTO,AVENIDA
500,2019-08-08 16:45:00,BARCO CENTENERA DEL,PEATON,CALLE
501,2019-08-11 21:15:00,RIESTRA AV.,PEATON,AVENIDA
502,2019-08-14 15:00:00,"CASTRO, EMILIO",MOTO,CALLE
503,2019-08-14 17:40:00,27 DE FEBRERO AV.,MOTO,AVENIDA
504,2019-08-17 05:25:00,"GARAY, JUAN DE AV.",MOTO,AVENIDA
505,2019-08-22 12:30:00,"SCALABRINI ORTIZ, RAUL AV.",MOTO,AVENIDA
506,2019-08-27 11:30:00,PRIMERA JUNTA,PEATON,AVENIDA
507,2019-08-28 06:20:00,"ALBERDI, JUAN BAUTISTA AV.",AUTO,AVENIDA
508,2019-08-29 01:50:00,ALVAREZ THOMAS AV.,AUTO,AVENIDA
509,2019-08-29 09:00:00,"LUGONES, LEOPOLDO AV.",MOTO,AUTOPISTA
510,2019-08-30 23:20:00,SAN ANTONIO,MOTO,CALLE
511,2019-09-05 18:00:00,AUTOPISTA 1 SUR PRESIDENTE ARTURO FRONDIZI,MOTO,AUTOPISTA
512,2019-09-08 03:40:00,"FIGUEROA ALCORTA, PRES. AV.",PEATON,AVENIDA
513,2019-09-12 08:25:00,"EINSTEIN, ALBERTO",PEATON,AVENIDA
514,2019-09-17 05:30:00,AGRELO,MOTO,CALLE
515,2019-09-17 18:40:00,CABILDO AV.,PEATON,AUTOPISTA
516,2019-09-23 16:00:00,ELCANO AV.,PEATON,AVENIDA
517,2019-09-25 07:45:00,"RABANAL, FRANCISCO, INTENDENTE AV.",BICICLETA,AVENIDA
518,2019-09-26 08:00:00,MONTE,AUTO,CALLE
519,2019-09-27 11:45:00,TANDIL,BICICLETA,CALLE
520,2019-10-09 22:18:00,CARDOSO,BICICLETA,CALLE
521,2019-10-15 14:10:00,CORRIENTES AV.,MOTO,AVENIDA
522,2019-10-21 21:00:00,ALVAREZ THOMAS AV.,MOTO,AVENIDA
523,2019-10-22 20:00:00,"ALCORTA, AMANCIO AV.",PEATON,AVENIDA
524,2019-10-23 15:45:00,"BROWN, ALTE. AV.",PEATON,AVENIDA
525,2019-10-24 18:26:00,"ALBERDI, JUAN BAUTISTA AV.",PEATON,AVENIDA
526,2019-11-01 20:50:00,"JUSTO, JUAN B. AV.",PEATON,AVENIDA
527,2019-11-03 10:30:00,"BRIN, MINISTRO",PEATON,CALLE
528,2019-11-13 11:50:00,NIZA,BICICLETA,AVENIDA
529,2019-11-18 14:00:00,CAMARGO,MOTO,CALLE
530,2019-11-20 15:30:00,AUTOPISTA 1 SUR PRESIDENTE ARTURO FRONDIZI,MOTO,AUTOPISTA
531,2019-11-22 19:33:00,CASEROS AV.,PEATON,AVENIDA
532,2019-11-25 08:50:00,AUTOPISTA PERITO MORENO,MOTO,AUTOPISTA
533,2019-11-25 14:00:00,GUZMAN,PASAJEROS,AVENIDA
534,2019-12-05 17:30:00,DE LOS CONSTITUYENTES AV.,MOTO,AVENIDA
535,2019-12-17 04:20:00,"MORENO, PERITO AV.",MOTO,AVENIDA
536,2019-12-17 14:30:00,IBARROLA,MOTO,CALLE
537,2019-12-18 07:23:00,"PAZ, GRAL. AV.",MOTO,AUTOPISTA
538,2019-12-21 04:25:00,RIVADAVIA AV.,MOTO,AVENIDA
474,2019-05-05 11:00:00,SANTO TOME,PEATON,AVENIDA
539,2020-01-04 10:40:00,URIARTE,PEATON,CALLE
540,2020-01-05 20:00:00,SARAZA,MOTO,AVENIDA
541,2020-01-11 06:00:00,RIVADAVIA AV.,PEATON,AVENIDA
542,2020-01-14 21:40:00,RODRIGUEZ PEÑA,PEATON,AVENIDA
543,2020-01-14 06:00:00,24 DE NOVIEMBRE,MOTO,AVENIDA
544,2020-01-20 12:55:00,LAFUENTE AV.,MOTO,AVENIDA
545,2020-01-27 00:37:00,CHILE,PEATON,CALLE
546,2020-01-30 07:10:00,CORDOBA AV.,MOTO,AVENIDA
547,2020-02-04 14:50:00,"PERON, JUAN DOMINGO, TTE. GENERAL",PEATON,CALLE
548,2020-02-08 05:45:00,9 DE JULIO AV.,MOTO,AVENIDA
549,2020-02-12 11:29:00,COLOMBRES,MOTO,CALLE
550,2020-02-18 21:00:00,MEXICO,PEATON,CALLE
551,2020-02-20 12:00:00,COMBATIENTES DE MALVINAS AV.,PEATON,AVENIDA
552,2020-02-27 02:14:00,BERMUDEZ,MOTO,CALLE
553,2020-02-28 14:30:00,BRASIL AV.,MOTO,AVENIDA
554,2020-02-29 13:00:00,"ALEM, LEANDRO N. AV.",PEATON,AVENIDA
555,2020-03-05 23:00:00,BELGRANO AV.,PEATON,AVENIDA
556,2020-03-09 14:00:00,"UDAONDO, GUILLERMO AV.",MOTO,AVENIDA
557,2020-03-10 21:00:00,CONSTITUCION,PEATON,CALLE
558,2020-03-13 17:30:00,PUEYRREDON AV.,PEATON,AVENIDA
559,2020-03-14 16:50:00,"BRAVO, MARIO",PEATON,CALLE
560,2020-04-07 06:15:00,AUTOPISTA DELLEPIANE LUIS TTE. GRAL.,AUTO,AUTOPISTA
561,2020-04-09 18:42:00,"ARAOZ DE LAMADRID, GREGORIO, GRAL.",AUTO,AVENIDA
562,2020-04-24 07:58:00,MURGUIONDO,AUTO,CALLE
563,2020-05-12 05:35:00,RIVADAVIA AV.,PEATON,AVENIDA
564,2020-05-17 06:40:00,"LUGONES, LEOPOLDO AV.",MOTO,AUTOPISTA
565,2020-05-18 08:00:00,"DELLEPIANE, LUIS, TTE. GRAL.",PEATON,AVENIDA
566,2020-05-19 10:00:00,"SCALABRINI ORTIZ, RAUL AV.",PEATON,AVENIDA
567,2020-06-10 14:00:00,"PAZ, GRAL. AV.",PEATON,AUTOPISTA
568,2020-06-16 15:00:00,SAN MARTIN AV.,MOTO,AVENIDA
569,2020-06-30 08:00:00,"GARZON, EUGENIO, GRAL. AV.",MOTO,AVENIDA
570,2020-07-10 23:00:00,CORRIENTES AV.,MOTO,AVENIDA
571,2020-07-19 06:25:00,"PAZ, GRAL. AV.",AUTO,AUTOPISTA
572,2020-08-02 03:20:00,"MITRE, BARTOLOME",PEATON,CALLE
573,2020-08-04 05:30:00,AUTOPISTA 25 DE MAYO,MOTO,AUTOPISTA
574,2020-08-07 18:40:00,"SCALABRINI ORTIZ, RAUL AV.",PEATON,AVENIDA
575,2020-08-29 04:30:00,"FERNANDEZ DE LA CRUZ, F., GRAL. AV.",PEATON,AVENIDA
576,2020-08-30 04:00:00,LAS HERAS GENERAL AV.,AUTO,AVENIDA
577,2020-08-30 04:00:00,LAS HERAS GENERAL AV.,AUTO,AVENIDA
578,2020-09-01 19:17:42,MURGUIONDO,PEATON,CALLE
579,2020-09-12 03:30:00,"CASTILLO, RAMON S., PRES. AV.",AUTO,AVENIDA
580,2020-09-28 01:45:00,CURAPALIGUE,MOTO,AVENIDA
581,2020-09-29 17:10:00,"DIAZ, ANA",PEATON,AVENIDA
582,2020-09-30 17:20:00,"ALEM, LEANDRO N. AV.",PEATON,AVENIDA
583,2020-10-05 00:20:00,LA PLATA AV.,AUTO,AVENIDA
584,2020-10-19 03:00:00,"PAZ, GRAL. AV.",AUTO,AUTOPISTA
585,2020-10-27 21:00:00,NAZCA AV.,MOTO,AVENIDA
586,2020-10-27 14:00:00,AUTOPISTA PRESIDENTE HECTOR J. CAMPORA,PEATON,AUTOPISTA
587,2020-10-29 20:20:00,DORREGO AV.,MOTO,AVENIDA
588,2020-10-30 20:00:00,DEL LIBERTADOR AV.,PEATON,AVENIDA
589,2020-11-01 22:00:00,SANTA FE AV.,PEATON,AVENIDA
590,2020-11-05 00:40:00,AVELLANEDA AV.,MOTO,AVENIDA
591,2020-11-07 06:50:00,TUCUMAN,BICICLETA,AVENIDA
592,2020-11-09 03:30:00,"ALCORTA, AMANCIO AV.",AUTO,AVENIDA
593,2020-11-19 09:00:00,INCLAN,BICICLETA,CALLE
594,2020-11-19 12:30:00,OLAZABAL AV.,PEATON,AVENIDA
595,2020-11-21 13:00:00,"PAZ, GRAL. AV.",MOTO,AUTOPISTA
596,2020-11-23 07:45:00,NAZCA AV.,PEATON,AVENIDA
597,2020-11-24 16:00:00,OLIVERA AV.,PEATON,AVENIDA
598,2020-12-01 06:35:00,BRASIL,PEATON,CALLE
599,2020-12-03 20:30:00,HOMERO,PEATON,AVENIDA
600,2020-12-03 14:40:00,"CANTILO, INT.",MOTO,AUTOPISTA
601,2020-12-04 17:19:00,MORENO,BICICLETA,CALLE
602,2020-12-05 07:10:00,NUEVA YORK,PEATON,CALLE
603,2020-12-05 07:10:00,NUEVA YORK,MOTO,CALLE
604,2020-12-05 16:00:00,"PAZ, GRAL. AV.",MOTO,AUTOPISTA
605,2020-12-07 04:30:00,AUTOPISTA PERITO MORENO,MOTO,AUTOPISTA
606,2020-12-11 22:00:00,SAENZ AV.,PEATON,AVENIDA
607,2020-12-12 20:30:00,DEL LIBERTADOR AV.,MOTO,AVENIDA
608,2020-12-15 05:20:00,INDEPENDENCIA AV.,MOTO,AVENIDA
609,2020-12-17 15:35:00,CALLAO AV.,PEATON,AVENIDA
610,2020-12-17 23:00:00,SAN PEDRITO AV.,PEATON,AVENIDA
611,2020-12-19 03:30:00,JUJUY AV.,BICICLETA,AVENIDA
612,2020-12-20 07:40:00,27 DE FEBRERO AV.,MOTO,AVENIDA
613,2020-12-20 21:00:00,BOGOTA,AUTO,AVENIDA
614,2020-12-23 14:00:00,CORRIENTES AV.,PEATON,AVENIDA
615,2020-12-24 12:30:00,ALVAREZ JONTE AV.,AUTO,AVENIDA
616,2020-12-25 06:40:00,SAN MARTIN AV.,MOTO,AVENIDA
617,2020-12-25 06:40:00,SAN MARTIN AV.,MOTO,AVENIDA
618,2020-12-25 05:50:00,BARCO CENTENERA DEL,BICICLETA,CALLE
619,2020-12-27 04:15:00,"PAZ, GRAL. AV.",MOTO,AUTOPISTA
620,2021-01-06 18:00:00,AUTOPISTA 1 SUR PRESIDENTE ARTURO FRONDIZI,MOTO,AUTOPISTA
621,2021-01-07 10:20:00,"CASTRO, EMILIO AV.",MOTO,AVENIDA
622,2021-01-10 07:40:00,AUTOPISTA 25 DE MAYO,MOTO,AUTOPISTA
623,2021-01-11 09:12:18,CASEROS AV.,PEATON,AVENIDA
624,2021-01-11 21:30:00,"PERON, EVA AV.",PEATON,AVENIDA
625,2021-01-12 21:00:00,AUTOPISTA ARTURO ILLIA,MOTO,AUTOPISTA
626,2021-01-18 10:00:00,DE LOS CONSTITUYENTES AV.,MOTO,AVENIDA
627,2021-01-22 23:30:00,SAENZ AV.,PEATON,AVENIDA
628,2021-01-23 05:30:00,PAYSANDU,MOTO,AVENIDA
629,2021-01-23 08:00:00,"PAZ, GRAL. AV.",MOTO,AUTOPISTA
630,2021-01-27 01:04:26,SANTA FE AV.,PEATON,AVENIDA
631,2021-01-29 20:07:22,"DELLEPIANE, LUIS, TTE. GRAL.",PEATON,AUTOPISTA
632,2021-01-31 06:10:00,"FALCON, RAMON L.,CNEL.",MOTO,AVENIDA
633,2021-02-02 00:50:00,SAN MARTIN AV.,PEATON,AVENIDA
634,2021-02-06 03:05:00,SAN MARTIN AV.,MOTO,AVENIDA
635,2021-02-14 05:50:00,"FERNANDEZ DE LA CRUZ, F., GRAL. AV.",AUTO,AVENIDA
636,2021-02-17 04:10:00,SALTA,MOTO,AVENIDA
637,2021-02-20 19:00:00,"JAURES, JEAN",PEATON,CALLE
638,2021-02-21 01:20:00,TRIUNVIRATO AV.,MOTO,AVENIDA
639,2021-02-21 15:00:00,POTOSI,PEATON,CALLE
640,2021-02-26 05:30:00,"YRIGOYEN, HIPOLITO",MOTO,CALLE
641,2021-02-28 12:00:00,DEL LIBERTADOR AV.,PASAJEROS,AVENIDA
642,2021-03-01 09:20:00,AUTOPISTA BUENOS AIRES - LA PLATA,MOTO,AUTOPISTA
643,2021-03-03 16:30:00,"PERON, EVA AV.",BICICLETA,AVENIDA
644,2021-03-11 03:45:00,"PAZ, GRAL. AV.",MOTO,AUTOPISTA
645,2021-03-15 02:35:00,AUTOPISTA 1 SUR PRESIDENTE ARTURO FRONDIZI,MOTO,AUTOPISTA
646,2021-03-16 15:30:00,"PAZ, GRAL. AV.",MOTO,AUTOPISTA
647,2021-03-29 17:20:00,COREA AV.,PEATON,AVENIDA
648,2021-03-31 18:05:00,"FALCON, RAMON L.,CNEL.",AUTO,AVENIDA
649,2021-04-03 18:30:00,FINOCHIETTO ENRIQUE DR.,PEATON,CALLE
650,2021-04-07 10:29:00,9 DE JULIO AV.,PEATON,AVENIDA
651,2021-04-10 19:55:00,"CANTILO, INT.",PEATON,AUTOPISTA
652,2021-04-14 17:50:00,AUTOPISTA 25 DE MAYO,AUTO,AUTOPISTA
653,2021-04-19 14:40:00,"ALCORTA, AMANCIO AV.",MOTO,AVENIDA
654,2021-05-03 09:20:00,"JANER, ANA MARIA",MOTO,AVENIDA
655,2021-05-09 06:00:00,"PAZ, GRAL. AV.",MOTO,AUTOPISTA
656,2021-05-11 07:10:00,MONROE,PEATON,AVENIDA
657,2021-05-14 11:40:00,"JUSTO, JUAN B. AV.",MOTO,AVENIDA
658,2021-05-15 12:09:00,OLIDEN,BICICLETA,AVENIDA
659,2021-05-20 05:50:00,"PAZ, GRAL. AV.",MOTO,AUTOPISTA
660,2021-05-20 08:30:00,DEL LIBERTADOR AV.,PEATON,AVENIDA
661,2021-05-21 05:00:00,RIVADAVIA AV.,PEATON,AVENIDA
662,2021-05-22 18:26:00,"ALBERDI, JUAN BAUTISTA AV.",PEATON,AVENIDA
663,2021-05-25 02:00:00,"PERON, EVA AV.",MOTO,AVENIDA
664,2021-05-26 17:24:00,AUTOPISTA 1 SUR PRESIDENTE ARTURO FRONDIZI,MOTO,AUTOPISTA
665,2021-05-31 02:00:00,ELCANO AV.,AUTO,AVENIDA
666,2021-06-02 16:00:00,"VEDIA, AGUSTIN DE",MOTO,AVENIDA
667,2021-06-03 09:58:00,CAPDEVILA,BICICLETA,AVENIDA
668,2021-06-03 20:30:00,"FERNANDEZ DE LA CRUZ, F., GRAL. AV.",AUTO,AVENIDA
669,2021-06-10 13:30:00,DEL LIBERTADOR AV.,MOTO,AVENIDA
670,2021-06-15 19:20:00,27 DE FEBRERO AV.,PEATON,AVENIDA
671,2021-06-20 05:40:00,"PAZ, GRAL. AV.",MOTO,AUTOPISTA
672,2021-06-20 12:00:00,CORRIENTES AV.,PEATON,AVENIDA
673,2021-06-22 14:44:00,TABARE,MOTO,CALLE
674,2021-06-29 12:20:00,CORRIENTES AV.,MOTO,AVENIDA
675,2021-07-09 23:25:00,CORRALES,BICICLETA,AVENIDA
676,2021-07-10 23:30:00,AUTOPISTA ARTURO ILLIA,AUTO,AUTOPISTA
677,2021-07-21 00:40:00,"PAZ, GRAL. AV.",PEATON,AUTOPISTA
678,2021-07-22 01:20:00,"GARAY, JUAN DE AV.",AUTO,AVENIDA
679,2021-07-22 12:30:00,"SALGUERO, JERONIMO",PEATON,AVENIDA
680,2021-07-24 09:15:00,"MORENO, PERITO AV.",PEATON,AVENIDA
681,2021-07-27 07:16:00,LA PLATA AV.,AUTO,AVENIDA
682,2021-08-02 04:40:00,"ALBERDI, JUAN BAUTISTA AV.",AUTO,AVENIDA
683,2021-08-02 20:00:00,"PAZ, GRAL. AV.",PEATON,AUTOPISTA
684,2021-08-06 08:30:00,SAN JUAN AV.,PEATON,AVENIDA
685,2021-08-06 20:00:00,LOPE DE VEGA AV.,PEATON,AVENIDA
686,2021-08-08 09:29:00,AUTOPISTA 1 SUR PRESIDENTE ARTURO FRONDIZI,MOTO,AUTOPISTA
687,2021-08-15 06:10:00,"BEIRO, FRANCISCO AV.",MOTO,AVENIDA
688,2021-08-20 17:15:00,SANTA FE AV.,PEATON,AVENIDA
689,2021-08-28 08:30:00,"CHILAVERT, MARTINIANO, CORONEL",MOTO,AVENIDA
690,2021-08-31 16:00:00,SAN LUIS,PEATON,CALLE
691,2021-09-01 19:10:00,CALLAO AV.,PEATON,AVENIDA
692,2021-09-18 12:20:00,DEL LIBERTADOR AV.,BICICLETA,AVENIDA
693,2021-09-20 15:00:00,"PAZ, GRAL. AV.",MOTO,AUTOPISTA
694,2021-09-21 14:30:00,SALTA,PEATON,CALLE
695,2021-10-16 06:15:00,"MORENO, PERITO AV.",MOTO,AVENIDA
696,2021-10-18 07:20:00,DIRECTORIO AV.,MOTO,AVENIDA
697,2021-10-23 06:35:00,INDEPENDENCIA AV.,MOTO,AVENIDA
698,2021-10-25 03:30:00,TUCUMAN,PEATON,CALLE
699,2021-10-28 16:16:00,ARENALES,MOTO,AVENIDA
700,2021-11-02 13:35:00,AUTOPISTA 1 SUR PRESIDENTE ARTURO FRONDIZI,MOTO,AUTOPISTA
701,2021-11-06 04:39:00,AUTOPISTA 25 DE MAYO,MOTO,AUTOPISTA
702,2021-11-09 00:35:00,CABILDO AV.,MOTO,AVENIDA
703,2021-11-11 03:00:00,TAPALQUE,AUTO,AVENIDA
705,2021-11-20 18:30:00,"PAZ, GRAL. AV.",MOTO,AUTOPISTA
706,2021-11-25 10:10:00,RIVADAVIA AV.,PEATON,AVENIDA
707,2021-11-27 11:22:00,ESMERALDA,PEATON,CALLE
708,2021-12-01 15:40:00,MONROE,MOTO,CALLE
709,2021-12-02 01:10:00,GAONA AV.,MOTO,AVENIDA
710,2021-12-10 11:45:00,9 DE JULIO AV.,PEATON,AVENIDA
711,2021-12-11 23:00:00,BAIGORRIA,MOTO,CALLE
712,2021-12-12 06:20:00,RIVADAVIA AV.,PEATON,AVENIDA
713,2021-12-13 17:10:00,RIESTRA AV.,MOTO,AVENIDA
714,2021-12-20 01:10:00,"DELLEPIANE, LUIS, TTE. GRAL.",MOTO,AUTOPISTA
715,2021-12-30 00:43:00,GAONA AV.,MOTO,AVENIDA
716,2021-12-15 10:30:00,"PERON, EVA AV.",AUTO,AVENIDA
704,2021-11-18 06:10:00,PADRE CARLOS MUJICA,BICICLETA,CALLE
0,2016-01-01 04:00:00,"FERNANDEZ DE LA CRUZ, F., GRAL. AV.",CONDUCTOR,MASCULINO
1,2016-01-02 01:15:00,DE LOS CORRALES AV.,CONDUCTOR,MASCULINO
2,2016-01-03 07:00:00,,CONDUCTOR,MASCULINO
3,2016-01-10 00:00:00,"VILLEGAS, CONRADO, GRAL.",CONDUCTOR,MASCULINO
4,2016-01-21 05:20:00,"SAENZ PEÑA, LUIS, PRES.",CONDUCTOR,MASCULINO
5,2016-01-24 18:30:00,ESCALADA AV.,CONDUCTOR,MASCULINO
6,2016-01-24 19:10:00,"GONZALEZ, JOAQUIN V.",PASAJERO_ACOMPAÑANTE,MASCULINO
7,2016-01-29 15:20:00,DE LOS CORRALES AV.,CONDUCTOR,MASCULINO
8,2016-02-08 01:20:00,"IRIGOYEN, BERNARDO DE",CONDUCTOR,MASCULINO
9,2016-02-10 11:30:00,,PEATON,MASCULINO
10,2016-02-14 05:14:00,VERA,PEATON,FEMENINO
11,2016-02-14 22:00:00,"QUINQUELA MARTIN, BENITO",PASAJERO_ACOMPAÑANTE,FEMENINO
12,2016-02-15 16:54:00,"JANER, ANA MARIA",PEATON,MASCULINO
13,2016-02-17 09:30:00,"GARCIA GRANDE DE ZEQUEIRA, SEVERO",PEATON,FEMENINO
14,2016-02-17 16:00:00,,PEATON,MASCULINO
15,2016-02-17 23:35:00,CURAPALIGUE,CONDUCTOR,MASCULINO
16,2016-02-21 06:00:00,"ALSINA, ADOLFO",PASAJERO_ACOMPAÑANTE,MASCULINO
17,2016-02-28 04:50:00,27 DE FEBRERO AV.,PASAJERO_ACOMPAÑANTE,MASCULINO
18,2016-02-28 07:30:00,VEDIA,CONDUCTOR,MASCULINO
19,2016-02-28 09:35:00,"DIAZ, AVELINO",PASAJERO_ACOMPAÑANTE,MASCULINO
20,2016-03-02 10:00:00,9 DE JULIO AV.,PEATON,MASCULINO
21,2016-03-04 17:30:00,DEHEZA,PEATON,MASCULINO
22,2016-03-08 12:30:00,"ROCA, CNEL. AV.",CONDUCTOR,MASCULINO
23,2016-03-12 12:30:00,"BONAVENA, OSCAR NATALIO",PEATON,MASCULINO
24,2016-03-13 06:00:00,CALLAO AV.,CONDUCTOR,MASCULINO
25,2016-03-14 00:15:00,"VALLE, ARISTOBULO DEL",PASAJERO_ACOMPAÑANTE,MASCULINO
26,2016-03-19 11:00:00,QUIRNO,CONDUCTOR,MASCULINO
27,2016-03-21 08:06:00,ZUVIRIA,PEATON,MASCULINO
28,2016-03-23 01:50:00,PUEYRREDON AV.,CONDUCTOR,MASCULINO
29,2016-03-29 11:00:00,RIVERA INDARTE AV.,CONDUCTOR,MASCULINO
30,2016-03-29 11:00:00,RIVERA INDARTE AV.,PASAJERO_ACOMPAÑANTE,MASCULINO
31,2016-03-30 18:15:00,MURGUIONDO,PEATON,FEMENINO
32,2016-03-31 19:40:00,BALBASTRO,CONDUCTOR,MASCULINO
33,2016-04-11 10:25:00,DEL LIBERTADOR AV.,CONDUCTOR,MASCULINO
34,2016-04-15 05:30:00,,PEATON,MASCULINO
35,2016-04-15 17:40:00,DORREGO AV.,PEATON,FEMENINO
36,2016-04-17 00:00:00,,SD,MASCULINO
37,2016-04-19 09:50:00,"FERNANDEZ DE LA CRUZ, F., GRAL. AV.",PEATON,MASCULINO
38,2016-04-20 04:00:00,"BONAVENA, OSCAR NATALIO",CONDUCTOR,MASCULINO
39,2016-04-20 20:00:00,,SD,MASCULINO
40,2016-04-22 09:30:00,OLAZABAL AV.,PEATON,MASCULINO
41,2016-04-23 21:00:00,"PAZ, GRAL. AV.",CONDUCTOR,MASCULINO
42,2016-04-25 20:30:00,"FIGUEROA ALCORTA, PRES. AV.",PEATON,MASCULINO
43,2016-04-26 04:45:00,,CONDUCTOR,MASCULINO
44,2016-05-04 14:00:00,,PEATON,FEMENINO
45,2016-05-08 16:30:00,LIMA,PEATON,MASCULINO
46,2016-05-14 18:11:00,CARRASCO AV.,PEATON,MASCULINO
47,2016-05-20 14:40:00,ESPINOSA,PEATON,MASCULINO
48,2016-05-21 17:00:00,SARAZA,PASAJERO_ACOMPAÑANTE,FEMENINO
49,2016-05-22 22:00:00,PUEYRREDON AV.,CONDUCTOR,MASCULINO
50,2016-05-23 03:30:00,FILIBERTO,CONDUCTOR,MASCULINO
51,2016-06-11 15:00:00,,CONDUCTOR,MASCULINO
52,2016-06-12 06:40:00,"SCAPINO, RODOLFO",CONDUCTOR,MASCULINO
53,2016-06-12 23:13:00,MIRALLA,PEATON,MASCULINO
54,2016-06-13 16:20:00,CAMARONES,PEATON,FEMENINO
55,2016-06-13 21:52:00,"ALEM, LEANDRO N. AV.",PEATON,FEMENINO
56,2016-06-13 23:01:00,JUJUY AV.,CONDUCTOR,MASCULINO
57,2016-06-16 17:13:00,"UDAONDO, GUILLERMO AV.",CONDUCTOR,FEMENINO
58,2016-06-18 06:42:00,RIVADAVIA AV.,CONDUCTOR,MASCULINO
59,2016-06-22 07:42:00,MACHAIN,CONDUCTOR,MASCULINO
60,2016-06-27 18:24:00,,PEATON,MASCULINO
61,2016-06-28 20:46:00,PUAN,PEATON,FEMENINO
62,2016-06-29 22:00:00,TUCUMAN,PEATON,MASCULINO
63,2016-06-29 22:00:00,EREZCANO,SD,MASCULINO
64,2016-06-30 16:10:00,"FALCON, RAMON L.,CNEL.",PEATON,MASCULINO
65,2016-07-02 00:10:00,CASEROS AV.,CONDUCTOR,MASCULINO
66,2016-07-11 15:30:00,NUÑEZ,PEATON,FEMENINO
67,2016-07-14 06:40:00,LA PAMPA,PEATON,MASCULINO
68,2016-07-14 22:00:00,RIVADAVIA AV.,PEATON,MASCULINO
69,2016-07-15 11:00:00,DEL LIBERTADOR AV.,CONDUCTOR,MASCULINO
70,2016-07-17 03:30:00,"MITRE, EMILIO",CONDUCTOR,MASCULINO
71,2016-07-23 06:12:00,MOSCONI GENERAL AV.,CONDUCTOR,MASCULINO
72,2016-07-25 07:00:00,,CONDUCTOR,MASCULINO
73,2016-07-26 18:45:00,MEXICO,PEATON,MASCULINO
74,2016-07-27 16:08:00,ALBERTI,CONDUCTOR,FEMENINO
75,2016-07-29 16:00:00,"PAZ, GRAL. AV.",CONDUCTOR,MASCULINO
76,2016-08-03 23:27:00,DONADO,CONDUCTOR,MASCULINO
77,2016-08-07 19:42:00,"CHAVEZ, JORGE",SD,MASCULINO
78,2016-08-10 23:37:00,"SUAREZ, JOSE LEON",CONDUCTOR,MASCULINO
79,2016-08-14 21:15:00,SANTIAGO DE COMPOSTELA AV.,CONDUCTOR,MASCULINO
80,2016-08-17 00:05:00,FRAGA,PEATON,MASCULINO
81,2016-08-19 21:02:00,DEL LIBERTADOR AV.,PEATON,MASCULINO
82,2016-08-20 08:22:00,DON PEDRO DE MENDOZA AV.,CONDUCTOR,MASCULINO
83,2016-08-24 05:45:00,BARRAGAN,CONDUCTOR,FEMENINO
84,2016-08-24 20:21:00,CARHUE,PEATON,MASCULINO
85,2016-08-25 09:30:00,LA PAMPA,CONDUCTOR,MASCULINO
86,2016-08-27 04:40:00,AUTOPISTA 1 SUR PRESIDENTE ARTURO FRONDIZI,CONDUCTOR,MASCULINO
87,2016-08-27 16:45:00,GUARDIA NACIONAL,PEATON,FEMENINO
88,2016-08-31 11:20:00,,CICLISTA,FEMENINO
89,2016-09-02 11:50:00,TRONADOR,SD,MASCULINO
90,2016-09-02 20:20:00,ESCALADA AV.,CONDUCTOR,MASCULINO
91,2016-09-03 15:30:00,TAGLE,CONDUCTOR,MASCULINO
92,2016-09-04 03:30:00,,CONDUCTOR,MASCULINO
93,2016-09-04 06:40:00,TRIUNVIRATO AV.,PASAJERO_ACOMPAÑANTE,FEMENINO
94,2016-09-13 07:10:00,,CICLISTA,MASCULINO
95,2016-09-14 09:00:00,"BONORINO, ESTEBAN, CNEL. AV.",CONDUCTOR,FEMENINO
96,2016-09-16 15:24:00,RIVERA INDARTE AV.,PEATON,MASCULINO
97,2016-09-17 12:14:00,"ALBERDI, JUAN BAUTISTA AV.",CONDUCTOR,MASCULINO
98,2016-09-18 22:45:00,TINOGASTA,CONDUCTOR,MASCULINO
99,2016-09-18 22:45:00,TINOGASTA,PASAJERO_ACOMPAÑANTE,MASCULINO
100,2016-09-24 10:25:00,"ROCA, CNEL. AV.",PEATON,MASCULINO
101,2016-10-02 11:30:00,PAVON AV.,PEATON,FEMENINO
102,2016-10-04 12:30:00,BRASIL,CONDUCTOR,MASCULINO
103,2016-10-09 19:13:00,,PEATON,MASCULINO
104,2016-10-10 02:30:00,24 DE NOVIEMBRE,PASAJERO_ACOMPAÑANTE,MASCULINO
105,2016-10-14 00:05:00,SANCHEZ DE BUSTAMANTE,CONDUCTOR,MASCULINO
106,2016-10-23 05:00:00,2 DE ABRIL DE 1982,CONDUCTOR,MASCULINO
107,2016-10-24 05:00:00,"PINEDO, INT.",PEATON,MASCULINO
108,2016-10-25 00:00:00,,CONDUCTOR,MASCULINO
109,2016-10-25 00:39:00,LADINES,CONDUCTOR,MASCULINO
110,2016-10-27 20:30:00,BLANCO ENCALADA,CICLISTA,FEMENINO
111,2016-10-28 23:00:00,DORREGO AV.,PASAJERO_ACOMPAÑANTE,FEMENINO
112,2016-10-31 02:58:00,VUELTA DE OBLIGADO,PASAJERO_ACOMPAÑANTE,MASCULINO
113,2016-11-05 23:30:00,"RAMOS MEJIA, JOSE MARIA, DR. AV.",CONDUCTOR,MASCULINO
114,2016-11-06 04:41:00,ESCALADA AV.,CONDUCTOR,MASCULINO
115,2016-11-07 12:10:00,,PEATON,MASCULINO
116,2016-11-07 20:56:00,LA PAMPA,CONDUCTOR,MASCULINO
117,2016-11-09 20:00:00,BRASIL,PEATON,FEMENINO
118,2016-11-16 21:15:00,"CEVALLOS, VIRREY",PASAJERO_ACOMPAÑANTE,MASCULINO
119,2016-11-16 22:20:00,,CONDUCTOR,MASCULINO
120,2016-11-18 18:20:00,"TABORDA, DIOGENES",PASAJERO_ACOMPAÑANTE,MASCULINO
121,2016-11-18 20:35:00,CONSTITUCION,PEATON,MASCULINO
122,2016-11-23 21:10:00,ZUVIRIA,CONDUCTOR,MASCULINO
123,2016-11-25 15:42:00,CORDOBA AV.,PEATON,FEMENINO
124,2016-11-26 14:14:00,,CONDUCTOR,MASCULINO
125,2016-11-26 16:50:00,,PEATON,FEMENINO
126,2016-11-26 19:40:00,DEAN FUNES,CONDUCTOR,MASCULINO
127,2016-12-03 06:40:00,,CONDUCTOR,MASCULINO
128,2016-12-04 07:21:00,ESCALADA AV.,CONDUCTOR,MASCULINO
129,2016-12-06 05:30:00,,CONDUCTOR,MASCULINO
130,2016-12-06 07:22:00,GODOY CRUZ,PEATON,MASCULINO
131,2016-12-07 05:00:00,FOREST AV.,PEATON,MASCULINO
132,2016-12-10 07:30:00,MOSCONI GENERAL AV.,CONDUCTOR,MASCULINO
133,2016-12-11 06:16:00,"POMAR, GREGORIO TTE. CNEL.",CONDUCTOR,MASCULINO
134,2016-12-12 08:25:00,,CICLISTA,MASCULINO
135,2016-12-13 10:40:00,"POMAR, GREGORIO TTE. CNEL.",CONDUCTOR,MASCULINO
136,2016-12-15 15:30:00,"BALBIN, RICARDO, DR. AV.",CONDUCTOR,MASCULINO
137,2016-12-19 17:10:00,,PASAJERO_ACOMPAÑANTE,MASCULINO
138,2016-12-25 19:00:00,AUTOPISTA 25 DE MAYO,CONDUCTOR,MASCULINO
139,2016-12-26 08:00:00,CASTRO,CONDUCTOR,MASCULINO
140,2016-12-26 19:52:00,SAN PEDRITO AV.,CONDUCTOR,MASCULINO
141,2016-12-27 00:00:00,,SD,MASCULINO
142,2016-12-27 08:15:00,MEMBRILLAR,PEATON,FEMENINO
143,2016-12-28 01:41:00,PASEO COLON AV.,CONDUCTOR,MASCULINO
144,2016-12-29 04:00:00,,PEATON,FEMENINO
145,2016-12-30 16:18:00,SAAVEDRA,PEATON,FEMENINO
146,2017-01-02 01:00:00,ACHUPALLAS,CONDUCTOR,MASCULINO
147,2017-01-05 03:10:00,VELEZ SARSFIELD AV.,PASAJERO_ACOMPAÑANTE,MASCULINO
148,2017-01-11 17:00:00,MEXICO,PEATON,MASCULINO
149,2017-01-16 00:40:00,BONPLAND,CONDUCTOR,MASCULINO
150,2017-01-16 13:56:00,BOEDO AV.,CONDUCTOR,MASCULINO
151,2017-01-16 16:30:00,RIGLOS,CONDUCTOR,MASCULINO
152,2017-01-22 02:30:00,"BALBIN, RICARDO, DR. AV.",PASAJERO_ACOMPAÑANTE,FEMENINO
153,2017-01-24 14:00:00,"TABORDA, DIOGENES",CONDUCTOR,MASCULINO
154,2017-01-27 07:00:00,,PEATON,MASCULINO
155,2017-01-28 08:27:34,ARIAS,PASAJERO_ACOMPAÑANTE,FEMENINO
156,2017-02-02 15:18:03,CALLAO AV.,PEATON,MASCULINO
157,2017-02-03 05:12:21,,CONDUCTOR,MASCULINO
158,2017-02-06 08:00:00,PARAGUAY,CONDUCTOR,MASCULINO
159,2017-02-09 07:00:00,DE LOS CORRALES AV.,CONDUCTOR,MASCULINO
160,2017-02-18 05:30:00,LIBERTAD,CONDUCTOR,MASCULINO
161,2017-02-23 20:50:00,,PEATON,MASCULINO
162,2017-02-24 17:05:00,RIVERA INDARTE AV.,CONDUCTOR,MASCULINO
163,2017-02-26 05:15:00,FOURNIER,PASAJERO_ACOMPAÑANTE,FEMENINO
164,2017-02-26 05:15:00,FOURNIER,CONDUCTOR,MASCULINO
165,2017-02-26 21:57:00,,PEATON,MASCULINO
166,2017-02-28 09:20:00,FRAGATA PRES. SARMIENTO,PEATON,MASCULINO
167,2017-03-07 02:15:00,TANDIL,SD,MASCULINO
168,2017-03-07 08:00:00,AUTOPISTA DELLEPIANE LUIS TTE. GRAL.,CONDUCTOR,FEMENINO
169,2017-03-11 01:30:00,PAVON,PASAJERO_ACOMPAÑANTE,MASCULINO
170,2017-03-12 05:00:00,LOS CEDROS,PASAJERO_ACOMPAÑANTE,FEMENINO
171,2017-03-12 07:30:00,"GUTIERREZ, RICARDO",CONDUCTOR,MASCULINO
172,2017-03-13 07:50:00,,PEATON,MASCULINO
173,2017-03-23 05:00:00,"VILLAFLOR, AZUCENA",CONDUCTOR,MASCULINO
174,2017-03-23 05:00:00,"VILLAFLOR, AZUCENA",PASAJERO_ACOMPAÑANTE,MASCULINO
175,2017-03-23 05:00:00,"VILLAFLOR, AZUCENA",PASAJERO_ACOMPAÑANTE,MASCULINO
176,2017-03-29 18:00:00,CAMPANA,PASAJERO_ACOMPAÑANTE,FEMENINO
177,2017-03-29 18:00:00,CAMPANA,CONDUCTOR,MASCULINO
178,2017-03-31 03:00:00,"CEVALLOS, VIRREY",CONDUCTOR,MASCULINO
179,2017-04-01 19:00:00,LAUTARO,CONDUCTOR,FEMENINO
180,2017-04-03 09:40:00,,CONDUCTOR,MASCULINO
181,2017-04-03 23:15:00,,CONDUCTOR,MASCULINO
182,2017-04-10 09:00:00,,CONDUCTOR,MASCULINO
183,2017-04-14 06:15:00,,CONDUCTOR,MASCULINO
184,2017-04-23 06:30:00,CORVALAN,CONDUCTOR,MASCULINO
185,2017-04-27 18:16:00,VARELA AV.,PEATON,MASCULINO
186,2017-04-28 11:08:08,,CONDUCTOR,MASCULINO
187,2017-04-28 11:08:08,,PASAJERO_ACOMPAÑANTE,MASCULINO
188,2017-05-01 03:47:47,,CONDUCTOR,MASCULINO
189,2017-05-05 03:40:00,GOLETA SANTA CRUZ,PEATON,FEMENINO
190,2017-05-05 20:16:22,VILLARINO,CONDUCTOR,MASCULINO
191,2017-05-07 21:00:00,"MORAN, PEDRO",PASAJERO_ACOMPAÑANTE,FEMENINO
192,2017-05-09 08:30:00,,CONDUCTOR,MASCULINO
193,2017-05-09 23:10:00,LIBERTAD,PEATON,MASCULINO
194,2017-05-11 09:24:00,LIMA,PEATON,FEMENINO
195,2017-05-13 07:20:00,"FERNANDEZ DE LA CRUZ, F., GRAL. AV.",PASAJERO_ACOMPAÑANTE,MASCULINO
196,2017-05-15 13:29:30,CALLAO AV.,PEATON,MASCULINO
197,2017-05-15 16:00:00,SAN BLAS,CONDUCTOR,MASCULINO
198,2017-05-17 10:13:00,9 DE JULIO AV.,PEATON,FEMENINO
199,2017-05-20 05:00:00,"PERON, JUAN DOMINGO, TTE. GENERAL",PASAJERO_ACOMPAÑANTE,MASCULINO
200,2017-05-22 16:00:00,HERRERA,CICLISTA,MASCULINO
201,2017-05-22 18:10:00,FRAGATA PRES. SARMIENTO,PEATON,MASCULINO
202,2017-05-23 02:45:00,"MORENO, JOSE MARIA AV.",CONDUCTOR,MASCULINO
203,2017-05-27 19:50:00,,CONDUCTOR,MASCULINO
204,2017-05-24 14:15:00,"SCHMIDL, ULRICO",CONDUCTOR,MASCULINO
205,2017-05-30 13:20:00,,PEATON,MASCULINO
206,2017-06-03 23:20:00,VALLEJOS,CONDUCTOR,MASCULINO
207,2017-06-04 09:00:00,ECUADOR,CONDUCTOR,MASCULINO
208,2017-06-04 12:50:00,,SD,MASCULINO
209,2017-06-12 22:38:00,9 DE JULIO AV.,PEATON,MASCULINO
210,2017-06-13 14:50:00,CALLE 12 (NO OFICIAL),PEATON,FEMENINO
211,2017-06-17 23:45:00,,CONDUCTOR,FEMENINO
212,2017-06-19 16:26:00,DEAN FUNES,CONDUCTOR,MASCULINO
213,2017-06-22 10:15:00,ESCALADA AV.,PEATON,FEMENINO
214,2017-06-25 22:40:00,BRASIL,PEATON,MASCULINO
215,2017-07-04 00:25:00,GUARDIA NACIONAL,CONDUCTOR,MASCULINO
216,2017-07-05 12:49:00,RODRIGUEZ PEÑA,PEATON,FEMENINO
217,2017-07-07 14:15:00,"GARCIA, MARTIN AV.",PEATON,MASCULINO
218,2017-07-09 07:30:00,MURGUIONDO,PEATON,FEMENINO
219,2017-07-10 10:45:00,,PEATON,FEMENINO
220,2017-07-10 22:30:00,BRASIL AV.,PEATON,MASCULINO
221,2017-07-13 12:05:00,,SD,MASCULINO
222,2017-07-15 05:15:00,"PAZ, GRAL. AV.",PEATON,MASCULINO
223,2017-07-15 13:00:00,"PAZ, GRAL. AV.",CONDUCTOR,MASCULINO
224,2017-07-24 22:16:01,AUTOPISTA 1 SUR PRESIDENTE ARTURO FRONDIZI,PEATON,MASCULINO
225,2017-07-25 16:48:40,PUENTE DISTRIBUIDOR SCALABRINI ORTIZ,PEATON,MASCULINO
226,2017-07-27 08:50:00,,CICLISTA,FEMENINO
227,2017-08-06 08:00:00,"SALGUERO, JERONIMO",CONDUCTOR,MASCULINO
228,2017-08-07 19:50:00,NUÑEZ,PEATON,MASCULINO
229,2017-08-08 12:10:00,,PEATON,FEMENINO
230,2017-08-17 19:45:00,,CICLISTA,MASCULINO
231,2017-08-21 07:45:00,,PASAJERO_ACOMPAÑANTE,FEMENINO
232,2017-08-23 10:00:00,ZAPATA,PEATON,FEMENINO
233,2017-08-24 01:10:00,ZAVALETA,PEATON,MASCULINO
234,2017-08-25 09:00:00,ESTADOS UNIDOS,PEATON,FEMENINO
235,2017-08-31 19:50:00,GUEMES,PEATON,FEMENINO
236,2017-09-01 11:30:00,JARAMILLO,CONDUCTOR,MASCULINO
237,2017-09-02 04:53:08,MACHAIN,PASAJERO_ACOMPAÑANTE,MASCULINO
238,2017-09-02 04:53:08,MACHAIN,PASAJERO_ACOMPAÑANTE,MASCULINO
239,2017-09-04 21:00:00,PORTELA,CONDUCTOR,MASCULINO
240,2017-09-06 14:15:00,"ALEM, LEANDRO N. AV.",PEATON,MASCULINO
241,2017-09-07 18:23:37,PIROVANO,PEATON,FEMENINO
242,2017-09-10 09:32:17,VARELA AV.,PASAJERO_ACOMPAÑANTE,MASCULINO
243,2017-09-10 09:32:17,VARELA AV.,PASAJERO_ACOMPAÑANTE,MASCULINO
244,2017-09-11 06:30:00,MAIPU,PEATON,FEMENINO
245,2017-09-15 02:30:00,DEL LIBERTADOR AV.,CONDUCTOR,MASCULINO
246,2017-09-19 18:52:33,TREINTA Y TRES ORIENTALES,CONDUCTOR,MASCULINO
247,2017-09-20 22:24:00,,CONDUCTOR,MASCULINO
248,2017-09-22 07:02:09,"CRUZ, OSVALDO AV.",PASAJERO_ACOMPAÑANTE,FEMENINO
249,2017-10-02 15:55:33,ESCALADA AV.,CONDUCTOR,MASCULINO
250,2017-10-10 01:05:38,ARGENTINA AV.,PEATON,FEMENINO
251,2017-10-12 14:40:28,,CONDUCTOR,MASCULINO
252,2017-10-13 06:12:20,LARRAYA,CONDUCTOR,MASCULINO
253,2017-10-14 06:15:00,CAÑADA DE GOMEZ,PASAJERO_ACOMPAÑANTE,MASCULINO
254,2017-10-14 06:15:00,CAÑADA DE GOMEZ,CONDUCTOR,MASCULINO
255,2017-10-16 07:45:00,CORDOBA AV.,PASAJERO_ACOMPAÑANTE,MASCULINO
256,2017-10-17 12:30:00,,PEATON,FEMENINO
257,2017-10-26 19:15:15,AUTOPISTA 25 DE MAYO,CONDUCTOR,MASCULINO
258,2017-10-27 05:30:00,SAN MARTIN AV.,CONDUCTOR,MASCULINO
259,2017-10-30 14:00:00,"ROCA, CNEL. AV.",CONDUCTOR,MASCULINO
260,2017-11-06 18:00:00,,PEATON,FEMENINO
261,2017-11-07 12:14:10,PUNTA ARENAS,CONDUCTOR,MASCULINO
262,2017-11-16 08:43:00,"RABANAL, FRANCISCO, INTENDENTE AV.",PEATON,MASCULINO
263,2017-11-17 11:45:00,SAN NICOLAS,PEATON,FEMENINO
264,2017-11-19 10:30:00,"PERON, EVA AV.",PASAJERO_ACOMPAÑANTE,MASCULINO
265,2017-11-19 22:30:00,ESCALADA AV.,PASAJERO_ACOMPAÑANTE,FEMENINO
266,2017-11-19 23:22:17,,CONDUCTOR,MASCULINO
267,2017-11-23 19:45:00,"GOYENA, PEDRO AV.",PEATON,FEMENINO
268,2017-11-25 21:45:00,"DIAZ, CESAR, GRAL.",CONDUCTOR,MASCULINO
269,2017-11-26 06:45:00,"PAZ, GRAL. AV.",PASAJERO_ACOMPAÑANTE,FEMENINO
270,2017-11-26 17:05:00,DON BOSCO,CONDUCTOR,MASCULINO
271,2017-11-28 11:15:00,"PERON, EVA AV.",CONDUCTOR,MASCULINO
272,2017-11-29 10:45:00,LA RIOJA,PEATON,FEMENINO
273,2017-11-30 12:20:00,MEXICO,PEATON,MASCULINO
274,2017-12-04 01:15:00,MIRALLA,PEATON,MASCULINO
275,2017-12-04 02:15:00,LUJAN,PEATON,MASCULINO
276,2017-12-06 17:30:00,TRAFUL,CICLISTA,MASCULINO
277,2017-12-11 02:00:00,LA PLATA AV.,PASAJERO_ACOMPAÑANTE,MASCULINO
278,2017-12-11 02:00:00,LA PLATA AV.,CONDUCTOR,MASCULINO
279,2017-12-11 09:15:00,CASEROS AV.,PEATON,MASCULINO
280,2017-12-12 21:25:41,,SD,MASCULINO
281,2017-12-17 09:02:00,HUMAITA,CONDUCTOR,MASCULINO
282,2017-12-18 21:30:00,"PAZ, GRAL. AV.",CONDUCTOR,MASCULINO
283,2017-12-20 04:31:27,"CEVALLOS, VIRREY",CONDUCTOR,MASCULINO
284,2017-12-22 13:15:00,,PEATON,FEMENINO
285,2017-12-26 15:30:00,,PEATON,FEMENINO
286,2018-01-01 22:50:00,RINCON,PEATON,MASCULINO
287,2018-01-03 16:40:00,,CICLISTA,FEMENINO
288,2018-01-05 10:12:00,GALICIA,PEATON,FEMENINO
289,2018-01-09 09:40:00,MANZANARES,CONDUCTOR,MASCULINO
290,2018-01-09 22:30:00,,PEATON,MASCULINO
291,2018-01-10 21:15:00,BARCO CENTENERA DEL,CICLISTA,FEMENINO
292,2018-01-11 02:30:00,,CONDUCTOR,MASCULINO
293,2018-01-12 17:50:00,INDEPENDENCIA AV.,CONDUCTOR,FEMENINO
294,2018-01-14 02:00:00,"BROWN, ALTE. AV.",CONDUCTOR,MASCULINO
295,2018-01-18 05:10:00,"BELAUSTEGUI, LUIS, DR.",CONDUCTOR,MASCULINO
296,2018-01-19 10:30:00,"LOPEZ, VICENTE",PEATON,MASCULINO
297,2018-01-26 13:30:00,"CHILAVERT, MARTINIANO, CORONEL",CONDUCTOR,MASCULINO
298,2018-01-28 08:15:00,GALVAN,CONDUCTOR,MASCULINO
299,2018-01-31 20:00:00,RIVERA INDARTE AV.,PEATON,MASCULINO
300,2018-02-06 01:00:00,,CONDUCTOR,MASCULINO
301,2018-02-06 01:00:00,,PASAJERO_ACOMPAÑANTE,MASCULINO
302,2018-02-15 10:15:00,"RAMOS MEJIA, JOSE MARIA, DR. AV.",CONDUCTOR,MASCULINO
303,2018-02-17 04:15:00,RIVADAVIA AV.,PEATON,MASCULINO
304,2018-02-17 07:15:00,"SALVADORES, CNEL.",CONDUCTOR,MASCULINO
305,2018-02-17 12:30:00,CALLAO AV.,PEATON,FEMENINO
306,2018-02-19 22:00:00,AUTOPISTA PRESIDENTE HECTOR J. CAMPORA,CONDUCTOR,MASCULINO
307,2018-02-22 10:45:00,ZAVALETA,PEATON,FEMENINO
308,2018-02-24 00:00:00,OLAVARRIA,CONDUCTOR,MASCULINO
309,2018-02-24 06:00:00,ROSARIO,CONDUCTOR,MASCULINO
310,2018-02-28 23:00:00,DONADO,PEATON,MASCULINO
311,2018-03-04 22:30:00,BOYACA AV.,PEATON,MASCULINO
312,2018-03-09 04:45:00,SAENZ AV.,CONDUCTOR,MASCULINO
313,2018-03-09 04:45:00,SAENZ AV.,PASAJERO_ACOMPAÑANTE,MASCULINO
314,2018-03-11 23:00:00,RONDEAU,PEATON,FEMENINO
315,2018-03-13 15:45:00,AZUL,PEATON,MASCULINO
316,2018-03-15 18:00:00,GAONA AV.,CONDUCTOR,MASCULINO
317,2018-03-20 01:30:00,ALVAREZ THOMAS AV.,CONDUCTOR,MASCULINO
318,2018-03-28 10:15:00,"ARTIGAS, JOSE GERVASIO, GRAL.",CONDUCTOR,MASCULINO
319,2018-04-02 13:00:00,AGUILAR,PEATON,MASCULINO
320,2018-04-07 07:30:00,LOPE DE VEGA AV.,CONDUCTOR,FEMENINO
321,2018-04-11 18:15:00,,PEATON,MASCULINO
322,2018-04-12 16:45:00,,PEATON,FEMENINO
323,2018-04-13 23:15:00,ARGERICH,CONDUCTOR,MASCULINO
324,2018-04-18 18:45:00,"URIBURU JOSE E., PRES.",PEATON,MASCULINO
325,2018-04-20 17:10:00,,PEATON,FEMENINO
326,2018-04-20 17:10:00,,PEATON,MASCULINO
327,2018-04-21 22:15:00,,PEATON,MASCULINO
328,2018-04-27 11:00:00,"OLAGUER Y FELIU, VIRREY",PEATON,FEMENINO
329,2018-04-27 13:30:00,"FERNANDEZ DE LA CRUZ, F., GRAL. AV.",PEATON,FEMENINO
330,2018-04-27 18:43:00,PERDRIEL,PASAJERO_ACOMPAÑANTE,MASCULINO
331,2018-04-28 06:30:00,ALVAREZ JONTE AV.,CONDUCTOR,MASCULINO
332,2018-04-28 09:00:00,INDEPENDENCIA AV.,PEATON,FEMENINO
333,2018-04-30 07:00:00,,CONDUCTOR,MASCULINO
334,2018-05-02 03:15:00,RIVADAVIA AV.,PEATON,MASCULINO
335,2018-05-08 19:00:00,DORREGO AV.,PEATON,MASCULINO
336,2018-05-09 10:30:00,PEDERNERA,PEATON,MASCULINO
337,2018-05-11 19:15:00,,PEATON,FEMENINO
338,2018-05-14 18:45:00,JURAMENTO AV.,PEATON,FEMENINO
339,2018-05-15 21:15:00,"CARBONARI, FRANCISCO, CMTE.",PEATON,FEMENINO
340,2018-05-18 20:30:00,NAZCA,PEATON,MASCULINO
341,2018-05-20 02:30:00,AGUERO,CONDUCTOR,MASCULINO
342,2018-05-22 11:15:00,,PEATON,FEMENINO
343,2018-05-29 07:30:00,JUJUY AV.,CONDUCTOR,MASCULINO
344,2018-06-02 13:00:00,,PEATON,FEMENINO
345,2018-06-03 03:30:00,HUMBERTO 1Ñ,CONDUCTOR,MASCULINO
346,2018-06-03 06:30:00,THAMES,CONDUCTOR,MASCULINO
347,2018-06-08 06:20:00,SANCHEZ DE LORIA,CONDUCTOR,MASCULINO
348,2018-06-08 12:50:00,"ALEM, LEANDRO N. AV.",PEATON,MASCULINO
349,2018-06-10 11:15:00,PICHINCHA,CONDUCTOR,MASCULINO
350,2018-06-14 01:00:00,BARCO CENTENERA DEL,PEATON,MASCULINO
351,2018-06-16 21:15:00,VIAMONTE,PEATON,FEMENINO
352,2018-06-25 01:15:00,PRIMERA JUNTA,CONDUCTOR,MASCULINO
353,2018-06-26 17:30:00,JUNCAL,CONDUCTOR,MASCULINO
354,2018-06-28 11:00:00,"LACROZE, FEDERICO AV.",PEATON,MASCULINO
355,2018-06-29 16:15:00,FINOCHIETTO ENRIQUE DR.,PASAJERO_ACOMPAÑANTE,FEMENINO
356,2018-07-01 09:00:00,"ALBERDI, JUAN BAUTISTA AV.",CONDUCTOR,MASCULINO
357,2018-07-04 21:45:00,,CICLISTA,MASCULINO
358,2018-07-07 15:45:00,"URQUIZA, GRAL.",CONDUCTOR,MASCULINO
359,2018-07-10 17:50:00,"HUERGO, ING. AV.",CONDUCTOR,MASCULINO
360,2018-07-11 13:15:00,MONTIEL,CONDUCTOR,MASCULINO
361,2018-07-11 15:45:00,,PEATON,FEMENINO
362,2018-07-14 06:04:00,,CONDUCTOR,MASCULINO
363,2018-07-15 07:30:00,ORTIZ DE OCAMPO,PEATON,MASCULINO
364,2018-07-16 09:30:00,"PAZ, GRAL. AV.",CONDUCTOR,MASCULINO
365,2018-07-16 23:15:00,ESTADOS UNIDOS,CONDUCTOR,MASCULINO
366,2018-07-21 06:15:00,SANCHEZ DE BUSTAMANTE,PEATON,MASCULINO
367,2018-07-23 07:15:00,"PAZ, GRAL. AV.",PEATON,MASCULINO
368,2018-07-25 22:22:00,CARHUE,PEATON,MASCULINO
369,2018-07-29 06:30:00,RIVERA INDARTE AV.,PEATON,MASCULINO
370,2018-08-01 15:53:00,"GARZON, EUGENIO, GRAL. AV.",CONDUCTOR,FEMENINO
371,2018-08-02 05:20:00,"FERNANDEZ DE LA CRUZ, F., GRAL. AV.",CONDUCTOR,MASCULINO
372,2018-08-03 07:25:00,COCHABAMBA,PEATON,MASCULINO
373,2018-08-03 18:16:00,"GARAY, JUAN DE AV.",PASAJERO_ACOMPAÑANTE,FEMENINO
374,2018-08-03 18:16:00,"GARAY, JUAN DE AV.",CONDUCTOR,MASCULINO
375,2018-08-10 21:44:00,GUARDIA NACIONAL,PEATON,MASCULINO
376,2018-08-15 19:20:00,COLOMBRES,PEATON,MASCULINO
377,2018-08-17 16:36:00,"BALBIN, RICARDO, DR. AV.",CONDUCTOR,MASCULINO
378,2018-08-17 17:56:00,BRASIL,PEATON,MASCULINO
379,2018-08-18 10:34:00,PERGAMINO,CONDUCTOR,MASCULINO
380,2018-08-19 18:47:00,BARRAGAN,PASAJERO_ACOMPAÑANTE,FEMENINO
381,2018-08-20 08:20:00,GASCON,CONDUCTOR,MASCULINO
382,2018-08-20 08:41:00,,PEATON,MASCULINO
383,2018-08-23 05:35:00,BERUTI,CONDUCTOR,MASCULINO
384,2018-08-26 00:59:00,"DELLEPIANE, LUIS, TTE. GRAL.",PASAJERO_ACOMPAÑANTE,FEMENINO
385,2018-08-31 22:20:00,"ROCA, CNEL. AV.",PEATON,MASCULINO
386,2018-09-02 10:50:00,"RABANAL, FRANCISCO, INTENDENTE AV.",CONDUCTOR,FEMENINO
387,2018-09-09 05:00:00,BERON DE ASTRADA,CONDUCTOR,MASCULINO
388,2018-09-09 05:00:00,BERON DE ASTRADA,PASAJERO_ACOMPAÑANTE,MASCULINO
389,2018-09-12 14:25:00,PEDERNERA,PEATON,MASCULINO
390,2018-09-20 10:30:00,,SD,FEMENINO
391,2018-09-21 00:15:00,ZAPIOLA,CONDUCTOR,MASCULINO
392,2018-09-21 00:30:00,"TABORDA, DIOGENES",CONDUCTOR,MASCULINO
393,2018-09-27 17:51:00,"BONORINO, ESTEBAN, CNEL. AV.",PEATON,MASCULINO
394,2018-10-01 08:58:00,SUAREZ AV.,CONDUCTOR,MASCULINO
395,2018-10-03 18:12:00,RIVADAVIA AV.,PEATON,FEMENINO
396,2018-10-04 22:02:00,ECHEVERRIA,CONDUCTOR,MASCULINO
397,2018-10-06 14:20:00,JUJUY AV.,PEATON,FEMENINO
398,2018-10-09 14:00:00,"GUEMES, MACACHA",CONDUCTOR,MASCULINO
399,2018-10-10 22:12:00,"ALEM, LEANDRO N. AV.",PEATON,MASCULINO
400,2018-10-13 03:05:00,"GALLARDO, ANGEL AV.",PEATON,MASCULINO
401,2018-10-19 12:13:00,"PERON, EVA  AV.",CONDUCTOR,MASCULINO
402,2018-10-24 09:18:00,SERRANO,CONDUCTOR,FEMENINO
403,2018-10-25 11:00:00,TRES ARROYOS,CONDUCTOR,MASCULINO
404,2018-10-30 02:15:00,INDEPENDENCIA AV.,CONDUCTOR,MASCULINO
405,2018-10-31 12:30:00,"PAZ, GRAL. AV.",PEATON,MASCULINO
406,2018-11-01 10:50:00,,PEATON,MASCULINO
407,2018-11-04 08:15:00,,CONDUCTOR,MASCULINO
408,2018-11-05 14:49:00,PUEYRREDON AV.,PEATON,FEMENINO
409,2018-11-05 22:35:00,SAN PEDRITO,PEATON,FEMENINO
410,2018-11-09 13:34:00,ALVAREZ THOMAS AV.,PEATON,FEMENINO
411,2018-11-09 16:32:00,MANZONI,PEATON,FEMENINO
412,2018-11-12 01:00:00,LARRAZABAL,CONDUCTOR,MASCULINO
413,2018-11-12 03:32:00,"PERON, EVA AV.",CONDUCTOR,MASCULINO
414,2018-11-15 19:40:00,RESERVISTAS ARGENTINOS,CONDUCTOR,MASCULINO
415,2018-11-16 21:12:00,VENTANA,PEATON,MASCULINO
416,2018-11-18 12:11:00,"FALCON, RAMON L.,CNEL.",CONDUCTOR,MASCULINO
417,2018-11-19 09:14:00,DE LOS CONSTITUYENTES AV.,CONDUCTOR,MASCULINO
418,2018-11-25 04:30:00,,PASAJERO_ACOMPAÑANTE,MASCULINO
419,2018-11-25 04:30:00,,PASAJERO_ACOMPAÑANTE,FEMENINO
420,2018-11-28 04:01:00,GUEVARA,CONDUCTOR,MASCULINO
421,2018-12-03 03:00:00,SEGUROLA AV.,CONDUCTOR,MASCULINO
422,2018-12-07 19:10:00,,CONDUCTOR,MASCULINO
423,2018-12-12 08:26:00,"CASTILLO, RAMON S., PRES. AV.",PEATON,MASCULINO
424,2018-12-12 14:07:00,RIVADAVIA AV.,PEATON,FEMENINO
425,2018-12-12 21:00:00,CASEROS AV.,PEATON,MASCULINO
426,2018-12-18 14:40:00,PERU,PEATON,MASCULINO
427,2018-12-18 15:42:00,,PEATON,FEMENINO
428,2018-12-18 20:15:00,SANTIAGO DEL ESTERO,PASAJERO_ACOMPAÑANTE,MASCULINO
429,2018-12-21 09:30:00,,PASAJERO_ACOMPAÑANTE,FEMENINO
430,2018-12-22 06:30:00,,PASAJERO_ACOMPAÑANTE,MASCULINO
431,2018-12-22 08:05:00,,CONDUCTOR,MASCULINO
432,2018-12-22 17:40:00,INDEPENDENCIA AV.,PEATON,MASCULINO
433,2018-12-25 13:30:00,,PASAJERO_ACOMPAÑANTE,MASCULINO
434,2018-12-29 05:25:00,"ALBERDI, JUAN BAUTISTA AV.",CONDUCTOR,MASCULINO
435,2019-01-08 08:30:00,CALLE 12 (NO OFICIAL),CONDUCTOR,MASCULINO
436,2019-01-09 04:00:00,"MORENO, PERITO AV.",CONDUCTOR,MASCULINO
437,2019-01-12 08:00:00,TERRADA,CONDUCTOR,MASCULINO
438,2019-01-14 19:58:00,MEDINA,CONDUCTOR,MASCULINO
439,2019-01-19 12:00:00,ALVAREZ JONTE AV.,CONDUCTOR,MASCULINO
440,2019-01-23 05:45:00,,PEATON,FEMENINO
441,2019-01-26 19:34:00,YATAY,CONDUCTOR,MASCULINO
442,2019-01-30 22:45:00,,CONDUCTOR,MASCULINO
443,2019-01-31 14:55:00,SAN JUAN AV.,CONDUCTOR,MASCULINO
444,2019-02-02 07:50:00,,PEATON,MASCULINO
445,2019-02-02 07:50:00,,PEATON,MASCULINO
446,2019-02-10 01:00:00,"ALBERDI, JUAN BAUTISTA AV.",PEATON,MASCULINO
447,2019-02-17 03:16:00,"GORDILLO, TIMOTEO",CONDUCTOR,MASCULINO
448,2019-02-20 07:30:00,MOM,PEATON,MASCULINO
449,2019-02-20 17:30:00,,CONDUCTOR,MASCULINO
450,2019-02-23 06:57:00,,CONDUCTOR,MASCULINO
451,2019-02-24 02:00:00,FINOCHIETTO ENRIQUE DR.,CONDUCTOR,MASCULINO
452,2019-03-03 07:00:00,PICHINCHA,CONDUCTOR,MASCULINO
453,2019-03-03 23:30:00,"UDAONDO, GUILLERMO AV.",PEATON,FEMENINO
454,2019-03-06 12:00:00,,CONDUCTOR,MASCULINO
455,2019-03-07 21:01:00,,CONDUCTOR,MASCULINO
456,2019-03-15 22:50:00,YERBAL,CONDUCTOR,MASCULINO
457,2019-03-15 00:00:00,,PASAJERO_ACOMPAÑANTE,MASCULINO
458,2019-03-16 08:28:00,"JACQUES, AMADEO",CONDUCTOR,MASCULINO
459,2019-03-19 07:12:00,,CONDUCTOR,MASCULINO
460,2019-03-22 13:10:00,SANCHEZ DE BUSTAMANTE,PEATON,MASCULINO
461,2019-03-28 07:32:00,"PAZ, GRAL. AV.",PEATON,MASCULINO
462,2019-03-28 11:11:00,AZCUENAGA,CICLISTA,MASCULINO
463,2019-04-06 09:15:00,"OROÑO, NICASIO",PEATON,FEMENINO
464,2019-04-07 10:15:00,"PAZ, GRAL. AV.",CONDUCTOR,MASCULINO
465,2019-04-09 16:00:00,YERBAL,CONDUCTOR,MASCULINO
466,2019-04-12 19:55:00,"MADERO, EDUARDO AV.",CICLISTA,MASCULINO
467,2019-04-16 11:00:00,"ALVAREZ, DONATO, TTE. GRAL. AV.",PEATON,FEMENINO
468,2019-04-18 01:00:00,"HUERGO, ING. AV.",CONDUCTOR,MASCULINO
469,2019-04-21 09:08:00,,CONDUCTOR,MASCULINO
470,2019-04-23 14:10:00,,PEATON,FEMENINO
471,2019-04-26 22:46:00,FORMOSA,CONDUCTOR,MASCULINO
472,2019-05-01 23:10:00,INDEPENDENCIA AV.,CONDUCTOR,MASCULINO
473,2019-05-04 14:10:00,"FIGUEROA ALCORTA, PRES. AV.",PEATON,FEMENINO
475,2019-05-09 03:05:00,DIRECTORIO AV.,CONDUCTOR,MASCULINO
476,2019-05-09 12:45:00,SANTANDER,CONDUCTOR,MASCULINO
477,2019-05-11 20:30:00,ANDALGALA,PASAJERO_ACOMPAÑANTE,FEMENINO
478,2019-05-14 15:00:00,CONSTITUCION,PEATON,MASCULINO
479,2019-05-21 09:00:00,"MADERO, EDUARDO AV.",CICLISTA,FEMENINO
480,2019-05-27 12:45:00,,PEATON,FEMENINO
481,2019-06-03 07:27:00,REPUBLICA DE LA INDIA,CONDUCTOR,MASCULINO
482,2019-06-04 09:00:00,CABILDO AV.,PASAJERO_ACOMPAÑANTE,FEMENINO
483,2019-06-06 10:00:00,,PEATON,MASCULINO
484,2019-06-07 07:00:00,,CONDUCTOR,MASCULINO
485,2019-06-08 09:20:00,MENDOZA,PEATON,FEMENINO
486,2019-06-08 23:35:00,HONDURAS AV.,CONDUCTOR,MASCULINO
487,2019-06-11 10:00:00,OLAVARRIA,CONDUCTOR,MASCULINO
488,2019-06-14 17:20:00,CASTAÑARES AV.,PASAJERO_ACOMPAÑANTE,MASCULINO
489,2019-06-20 03:00:00,,CONDUCTOR,MASCULINO
490,2019-06-20 19:45:00,"MADERO, EDUARDO AV.",CONDUCTOR,MASCULINO
491,2019-06-29 17:16:00,,PEATON,FEMENINO
492,2019-07-05 19:00:00,LA PAMPA,PEATON,FEMENINO
493,2019-07-10 09:20:00,IRIGOYEN,CONDUCTOR,MASCULINO
494,2019-07-13 22:35:00,SANTIAGO DEL ESTERO,CONDUCTOR,MASCULINO
495,2019-07-17 11:20:00,"FALCON, RAMON L.,CNEL.",PEATON,FEMENINO
496,2019-07-17 18:40:00,MENDOZA,PEATON,FEMENINO
497,2019-08-01 23:00:00,"CAMPOS, LUIS M. AV.",PEATON,FEMENINO
498,2019-08-04 01:30:00,MAURE,PASAJERO_ACOMPAÑANTE,MASCULINO
499,2019-08-06 03:15:00,AVELLANEDA AV.,CONDUCTOR,MASCULINO
500,2019-08-08 16:45:00,TILCARA,PEATON,FEMENINO
501,2019-08-11 21:15:00,BOLIVAR (NO OFICIAL),PEATON,MASCULINO
502,2019-08-14 15:00:00,,CONDUCTOR,MASCULINO
503,2019-08-14 17:40:00,,CONDUCTOR,MASCULINO
504,2019-08-17 05:25:00,,CONDUCTOR,MASCULINO
505,2019-08-22 12:30:00,GORRITI,CONDUCTOR,MASCULINO
506,2019-08-27 11:30:00,OLIVERA AV.,PEATON,MASCULINO
507,2019-08-28 06:20:00,AZUL,CONDUCTOR,MASCULINO
508,2019-08-29 01:50:00,,CONDUCTOR,MASCULINO
509,2019-08-29 09:00:00,"PAZ, GRAL. AV.",CONDUCTOR,MASCULINO
510,2019-08-30 23:20:00,LUJAN,CONDUCTOR,MASCULINO
511,2019-09-05 18:00:00,DON PEDRO DE MENDOZA AV.,CONDUCTOR,FEMENINO
512,2019-09-08 03:40:00,TAGLE,PEATON,FEMENINO
513,2019-09-12 08:25:00,"ALCORTA, AMANCIO AV.",PEATON,FEMENINO
514,2019-09-17 05:30:00,COLOMBRES,CONDUCTOR,MASCULINO
515,2019-09-17 18:40:00,"PAZ, GRAL. AV.",PEATON,MASCULINO
516,2019-09-23 16:00:00,,PEATON,MASCULINO
517,2019-09-25 07:45:00,,CICLISTA,MASCULINO
518,2019-09-26 08:00:00,CORVALAN,CONDUCTOR,MASCULINO
519,2019-09-27 11:45:00,LAFUENTE,CICLISTA,FEMENINO
520,2019-10-09 22:18:00,BACACAY,CICLISTA,MASCULINO
521,2019-10-15 14:10:00,,CONDUCTOR,MASCULINO
522,2019-10-21 21:00:00,MENDOZA,CONDUCTOR,MASCULINO
523,2019-10-22 20:00:00,"BONAVENA, OSCAR NATALIO",PEATON,MASCULINO
524,2019-10-23 15:45:00,"BLANES, JUAN MANUEL",PEATON,FEMENINO
525,2019-10-24 18:26:00,,PEATON,MASCULINO
526,2019-11-01 20:50:00,CAMARGO,PEATON,MASCULINO
527,2019-11-03 10:30:00,SUAREZ,PEATON,MASCULINO
528,2019-11-13 11:50:00,"JUSTO, JUAN B. AV.",CICLISTA,MASCULINO
529,2019-11-18 14:00:00,SERRANO,PASAJERO_ACOMPAÑANTE,FEMENINO
530,2019-11-20 15:30:00,CASEROS AV.,CONDUCTOR,MASCULINO
531,2019-11-22 19:33:00,PIEDRAS,PEATON,MASCULINO
532,2019-11-25 08:50:00,,PASAJERO_ACOMPAÑANTE,FEMENINO
533,2019-11-25 14:00:00,,PASAJERO_ACOMPAÑANTE,FEMENINO
534,2019-12-05 17:30:00,,CONDUCTOR,MASCULINO
535,2019-12-17 04:20:00,TILCARA AV.,CONDUCTOR,MASCULINO
536,2019-12-17 14:30:00,"GORDILLO, TIMOTEO",CONDUCTOR,MASCULINO
537,2019-12-18 07:23:00,GRIVEO,CONDUCTOR,MASCULINO
538,2019-12-21 04:25:00,PERGAMINO,PASAJERO_ACOMPAÑANTE,FEMENINO
474,2019-05-05 11:00:00,SEGUROLA AV.,PEATON,FEMENINO
539,2020-01-04 10:40:00,LOYOLA,PEATON,FEMENINO
540,2020-01-05 20:00:00,VARELA AV.,CONDUCTOR,MASCULINO
541,2020-01-11 06:00:00,COMBATE DE LOS POZOS,PEATON,MASCULINO
542,2020-01-14 21:40:00,RIVADAVIA AV.,PEATON,MASCULINO
543,2020-01-14 06:00:00,SAN JUAN AV.,CONDUCTOR,MASCULINO
544,2020-01-20 12:55:00,,CONDUCTOR,MASCULINO
545,2020-01-27 00:37:00,LIMA,PEATON,MASCULINO
546,2020-01-30 07:10:00,"JAURES, JEAN",CONDUCTOR,MASCULINO
547,2020-02-04 14:50:00,"SALGUERO, JERONIMO",PEATON,MASCULINO
548,2020-02-08 05:45:00,SAN JUAN AV.,CONDUCTOR,MASCULINO
549,2020-02-12 11:29:00,,CONDUCTOR,MASCULINO
550,2020-02-18 21:00:00,,PEATON,FEMENINO
551,2020-02-20 12:00:00,TRIUNVIRATO AV.,PEATON,FEMENINO
552,2020-02-27 02:14:00,NOGOYA,CONDUCTOR,MASCULINO
553,2020-02-28 14:30:00,PASEO COLON AV.,CONDUCTOR,MASCULINO
554,2020-02-29 13:00:00,,PEATON,MASCULINO
555,2020-03-05 23:00:00,RINCON,PEATON,MASCULINO
556,2020-03-09 14:00:00,,CONDUCTOR,MASCULINO
557,2020-03-10 21:00:00,CASTRO,PEATON,FEMENINO
558,2020-03-13 17:30:00,"GOMEZ, VALENTIN",PEATON,FEMENINO
559,2020-03-14 16:50:00,,PEATON,FEMENINO
560,2020-04-07 06:15:00,ESCALADA AV.,PASAJERO_ACOMPAÑANTE,MASCULINO
561,2020-04-09 18:42:00,"BROWN, ALTE. AV.",CONDUCTOR,MASCULINO
562,2020-04-24 07:58:00,,CONDUCTOR,MASCULINO
563,2020-05-12 05:35:00,,PEATON,MASCULINO
564,2020-05-17 06:40:00,,CONDUCTOR,MASCULINO
565,2020-05-18 08:00:00,MONTIEL,PEATON,MASCULINO
566,2020-05-19 10:00:00,WARNES AV.,PEATON,MASCULINO
567,2020-06-10 14:00:00,"ROFFO, ANGEL H., DR.",PEATON,MASCULINO
568,2020-06-16 15:00:00,,CONDUCTOR,MASCULINO
569,2020-06-30 08:00:00,LARRAYA,CONDUCTOR,MASCULINO
570,2020-07-10 23:00:00,SERRANO,CONDUCTOR,MASCULINO
571,2020-07-19 06:25:00,DEL LIBERTADOR AV.,CONDUCTOR,MASCULINO
572,2020-08-02 03:20:00,"ANCHORENA, TOMAS MANUEL DE, DR.",PEATON,FEMENINO
573,2020-08-04 05:30:00,PUMACAHUA,CONDUCTOR,MASCULINO
574,2020-08-07 18:40:00,PARAGUAY,PEATON,MASCULINO
575,2020-08-29 04:30:00,VARELA AV.,PEATON,MASCULINO
576,2020-08-30 04:00:00,"DIAZ, CNEL. AV.",CONDUCTOR,MASCULINO
577,2020-08-30 04:00:00,"DIAZ, CNEL. AV.",CONDUCTOR,MASCULINO
578,2020-09-01 19:17:42,,PEATON,MASCULINO
579,2020-09-12 03:30:00,CALLE 12 (NO OFICIAL),CONDUCTOR,MASCULINO
580,2020-09-28 01:45:00,"PERON, EVA AV.",CONDUCTOR,MASCULINO
581,2020-09-29 17:10:00,SOLDADO DE LA FRONTERA AV.,PEATON,FEMENINO
582,2020-09-30 17:20:00,PARAGUAY,PEATON,MASCULINO
583,2020-10-05 00:20:00,INDEPENDENCIA AV.,CONDUCTOR,MASCULINO
584,2020-10-19 03:00:00,27 DE FEBRERO AV.,CONDUCTOR,MASCULINO
585,2020-10-27 21:00:00,"CARRANZA, ADOLFO P.",CONDUCTOR,MASCULINO
586,2020-10-27 14:00:00,LACARRA AV.,PEATON,MASCULINO
587,2020-10-29 20:20:00,,CONDUCTOR,MASCULINO
588,2020-10-30 20:00:00,"RAMOS MEJIA, JOSE MARIA, DR. AV.",PEATON,MASCULINO
589,2020-11-01 22:00:00,GODOY CRUZ,PEATON,FEMENINO
590,2020-11-05 00:40:00,MERCEDES,CONDUCTOR,MASCULINO
591,2020-11-07 06:50:00,PUEYRREDON AV.,CICLISTA,MASCULINO
592,2020-11-09 03:30:00,"EINSTEIN, ALBERTO",PASAJERO_ACOMPAÑANTE,MASCULINO
593,2020-11-19 09:00:00,ALBERTI,CICLISTA,MASCULINO
594,2020-11-19 12:30:00,,PEATON,MASCULINO
595,2020-11-21 13:00:00,"ROCA, CNEL. AV.",CONDUCTOR,FEMENINO
596,2020-11-23 07:45:00,"VIALE, LUIS",PEATON,MASCULINO
597,2020-11-24 16:00:00,"FALCON, RAMON L.,CNEL.",PEATON,MASCULINO
598,2020-12-01 06:35:00,,PEATON,FEMENINO
599,2020-12-03 20:30:00,"PERON, EVA AV.",PEATON,FEMENINO
600,2020-12-03 14:40:00,"UDAONDO, GUILLERMO AV.",CONDUCTOR,MASCULINO
601,2020-12-04 17:19:00,,CICLISTA,MASCULINO
602,2020-12-05 07:10:00,ALTA GRACIA,PEATON,MASCULINO
603,2020-12-05 07:10:00,ALTA GRACIA,PASAJERO_ACOMPAÑANTE,MASCULINO
604,2020-12-05 16:00:00,"GOYENECHE, ROBERTO PARQUE AV.",CONDUCTOR,MASCULINO
605,2020-12-07 04:30:00,,CONDUCTOR,MASCULINO
606,2020-12-11 22:00:00,BEAZLEY,PEATON,MASCULINO
607,2020-12-12 20:30:00,AUSTRIA,CONDUCTOR,MASCULINO
608,2020-12-15 05:20:00,"SAENZ PEÑA, LUIS, PRES.",PASAJERO_ACOMPAÑANTE,MASCULINO
609,2020-12-17 15:35:00,"LAS HERAS, GENERAL",PEATON,FEMENINO
610,2020-12-17 23:00:00,DIRECTORIO AV.,PEATON,MASCULINO
611,2020-12-19 03:30:00,"CALVO, CARLOS",CICLISTA,MASCULINO
612,2020-12-20 07:40:00,ESCALADA AV.,CONDUCTOR,MASCULINO
613,2020-12-20 21:00:00,NAZCA AV.,CONDUCTOR,MASCULINO
614,2020-12-23 14:00:00,9 DE JULIO AV.,PEATON,MASCULINO
615,2020-12-24 12:30:00,CHIVILCOY,CONDUCTOR,FEMENINO
616,2020-12-25 06:40:00,PUNTA ARENAS,CONDUCTOR,FEMENINO
617,2020-12-25 06:40:00,PUNTA ARENAS,PASAJERO_ACOMPAÑANTE,FEMENINO
618,2020-12-25 05:50:00,,CICLISTA,MASCULINO
619,2020-12-27 04:15:00,"GOYENECHE, ROBERTO PARQUE AV.",CONDUCTOR,MASCULINO
620,2021-01-06 18:00:00,,CONDUCTOR,MASCULINO
621,2021-01-07 10:20:00,MURGUIONDO,CONDUCTOR,FEMENINO
622,2021-01-10 07:40:00,,CONDUCTOR,MASCULINO
623,2021-01-11 09:12:18,GUARANI,PEATON,FEMENINO
624,2021-01-11 21:30:00,,PEATON,MASCULINO
625,2021-01-12 21:00:00,SARMIENTO AV.,PASAJERO_ACOMPAÑANTE,FEMENINO
626,2021-01-18 10:00:00,GIRIBONE,CONDUCTOR,MASCULINO
627,2021-01-22 23:30:00,"RABANAL, FRANCISCO, INTENDENTE AV.",PEATON,MASCULINO
628,2021-01-23 05:30:00,GAONA AV.,CONDUCTOR,MASCULINO
629,2021-01-23 08:00:00,"BALBIN, RICARDO, DR. AV.",CONDUCTOR,MASCULINO
630,2021-01-27 01:04:26,,PEATON,MASCULINO
631,2021-01-29 20:07:22,GUAMINI,PEATON,MASCULINO
632,2021-01-31 06:10:00,OLIVERA AV.,CONDUCTOR,MASCULINO
633,2021-02-02 00:50:00,NOGOYA,PEATON,MASCULINO
634,2021-02-06 03:05:00,TINOGASTA,CONDUCTOR,MASCULINO
635,2021-02-14 05:50:00,"DE LA TORRE, LISANDRO",CONDUCTOR,MASCULINO
636,2021-02-17 04:10:00,CASEROS AV.,CONDUCTOR,MASCULINO
637,2021-02-20 19:00:00,"PERON, JUAN DOMINGO, TTE. GENERAL",PEATON,MASCULINO
638,2021-02-21 01:20:00,"LARRALDE, CRISOLOGO AV.",CONDUCTOR,MASCULINO
639,2021-02-21 15:00:00,GASCON,PEATON,FEMENINO
640,2021-02-26 05:30:00,24 DE NOVIEMBRE,CONDUCTOR,MASCULINO
641,2021-02-28 12:00:00,ROOSEVELT FRANKLIN D.,PASAJERO_ACOMPAÑANTE,MASCULINO
642,2021-03-01 09:20:00,,CONDUCTOR,MASCULINO
643,2021-03-03 16:30:00,PIEDRA BUENA AV.,CICLISTA,MASCULINO
644,2021-03-11 03:45:00,AUTOPISTA DELLEPIANE LUIS TTE. GRAL.,CONDUCTOR,MASCULINO
645,2021-03-15 02:35:00,"QUINQUELA MARTIN, BENITO",CONDUCTOR,MASCULINO
646,2021-03-16 15:30:00,DONADO,CONDUCTOR,FEMENINO
647,2021-03-29 17:20:00,"TORRES Y TENORIO, PRES.",PEATON,MASCULINO
648,2021-03-31 18:05:00,SAN PEDRITO AV.,CONDUCTOR,MASCULINO
649,2021-04-03 18:30:00,,PEATON,MASCULINO
650,2021-04-07 10:29:00,INDEPENDENCIA AV.,PEATON,FEMENINO
651,2021-04-10 19:55:00,"GUIRALDES, INT.",PEATON,MASCULINO
652,2021-04-14 17:50:00,BOEDO AV.,CONDUCTOR,MASCULINO
653,2021-04-19 14:40:00,ZAVALETA,PASAJERO_ACOMPAÑANTE,FEMENINO
654,2021-05-03 09:20:00,LAFUENTE AV.,CONDUCTOR,MASCULINO
655,2021-05-09 06:00:00,MOSCONI GENERAL AV.,CONDUCTOR,MASCULINO
656,2021-05-11 07:10:00,"BALBIN, RICARDO, DR. AV.",PEATON,FEMENINO
657,2021-05-14 11:40:00,SANTA FE AV.,CONDUCTOR,FEMENINO
658,2021-05-15 12:09:00,"ALBERDI, JUAN BAUTISTA AV.",CICLISTA,MASCULINO
659,2021-05-20 05:50:00,DEL LIBERTADOR AV.,CONDUCTOR,MASCULINO
660,2021-05-20 08:30:00,CASARES AV.,PEATON,MASCULINO
661,2021-05-21 05:00:00,,PEATON,MASCULINO
662,2021-05-22 18:26:00,PILAR,PEATON,MASCULINO
663,2021-05-25 02:00:00,"ACOSTA, MARIANO",PASAJERO_ACOMPAÑANTE,MASCULINO
664,2021-05-26 17:24:00,SUAREZ AV.,CONDUCTOR,MASCULINO
665,2021-05-31 02:00:00,GUZMAN AV.,PASAJERO_ACOMPAÑANTE,MASCULINO
666,2021-06-02 16:00:00,"RABANAL, FRANCISCO, INTENDENTE AV.",CONDUCTOR,MASCULINO
667,2021-06-03 09:58:00,CONGRESO AV.,CICLISTA,MASCULINO
668,2021-06-03 20:30:00,,CONDUCTOR,MASCULINO
669,2021-06-10 13:30:00,,CONDUCTOR,MASCULINO
670,2021-06-15 19:20:00,EREZCANO AV.,PEATON,MASCULINO
671,2021-06-20 05:40:00,,PASAJERO_ACOMPAÑANTE,FEMENINO
672,2021-06-20 12:00:00,,PEATON,MASCULINO
673,2021-06-22 14:44:00,EREZCANO,CONDUCTOR,MASCULINO
674,2021-06-29 12:20:00,PUEYRREDON AV.,PASAJERO_ACOMPAÑANTE,MASCULINO
675,2021-07-09 23:25:00,"MORENO, PERITO AV.",CICLISTA,MASCULINO
676,2021-07-10 23:30:00,,CONDUCTOR,MASCULINO
677,2021-07-21 00:40:00,VEDIA,PEATON,MASCULINO
678,2021-07-22 01:20:00,,PASAJERO_ACOMPAÑANTE,FEMENINO
679,2021-07-22 12:30:00,RIVADAVIA AV.,PEATON,FEMENINO
680,2021-07-24 09:15:00,"ALCORTA, AMANCIO AV.",PEATON,FEMENINO
681,2021-07-27 07:16:00,,CONDUCTOR,MASCULINO
682,2021-08-02 04:40:00,,PASAJERO_ACOMPAÑANTE,FEMENINO
683,2021-08-02 20:00:00,TONELERO,PEATON,MASCULINO
684,2021-08-06 08:30:00,LA PLATA AV.,PEATON,FEMENINO
685,2021-08-06 20:00:00,"PAZ, GRAL. AV.",PEATON,MASCULINO
686,2021-08-08 09:29:00,BRASIL,CONDUCTOR,MASCULINO
687,2021-08-15 06:10:00,,CONDUCTOR,MASCULINO
688,2021-08-20 17:15:00,,PEATON,MASCULINO
689,2021-08-28 08:30:00,VARELA AV.,CONDUCTOR,MASCULINO
690,2021-08-31 16:00:00,,PEATON,MASCULINO
691,2021-09-01 19:10:00,PARAGUAY,PEATON,FEMENINO
692,2021-09-18 12:20:00,"AGOTE, LUIS DR.",CICLISTA,FEMENINO
693,2021-09-20 15:00:00,"BALBIN, RICARDO, DR. AV.",CONDUCTOR,MASCULINO
694,2021-09-21 14:30:00,BRASIL,PEATON,MASCULINO
695,2021-10-16 06:15:00,,CONDUCTOR,MASCULINO
696,2021-10-18 07:20:00,,CONDUCTOR,FEMENINO
697,2021-10-23 06:35:00,LA PLATA AV.,CONDUCTOR,MASCULINO
698,2021-10-25 03:30:00,,PEATON,MASCULINO
699,2021-10-28 16:16:00,9 DE JULIO AV.,CONDUCTOR,MASCULINO
700,2021-11-02 13:35:00,BRANDSEN,CONDUCTOR,MASCULINO
701,2021-11-06 04:39:00,PASCO,CONDUCTOR,MASCULINO
702,2021-11-09 00:35:00,OLAZABAL,CONDUCTOR,MASCULINO
703,2021-11-11 03:00:00,BRUIX AV.,CONDUCTOR,MASCULINO
705,2021-11-20 18:30:00,EZEIZA,CONDUCTOR,MASCULINO
706,2021-11-25 10:10:00,PUAN,PEATON,MASCULINO
707,2021-11-27 11:22:00,,PEATON,FEMENINO
708,2021-12-01 15:40:00,3 DE FEBRERO,CONDUCTOR,MASCULINO
709,2021-12-02 01:10:00,,CONDUCTOR,MASCULINO
710,2021-12-10 11:45:00,LAVALLE,PEATON,MASCULINO
711,2021-12-11 23:00:00,"HUGO, VICTOR",CONDUCTOR,MASCULINO
712,2021-12-12 06:20:00,PUEYRREDON AV.,PEATON,FEMENINO
713,2021-12-13 17:10:00,MOM,PASAJERO_ACOMPAÑANTE,FEMENINO
714,2021-12-20 01:10:00,LACARRA AV.,PASAJERO_ACOMPAÑANTE,FEMENINO
715,2021-12-30 00:43:00,TERRADA,CONDUCTOR,MASCULINO
716,2021-12-15 10:30:00,,CONDUCTOR,MASCULINO
704,2021-11-18 06:10:00,,CICLISTA,MASCULINO
